name,type,value,date
《Reloaded 重启》,专辑,10,2016.04.04
《目标（豪华版）》,专辑,9,2016.04.04
《狂野之美》,专辑,8,2016.04.04
《有理想》,专辑,7,2016.04.04
《新的心跳》,专辑,6,2016.04.04
《Made In The A.M. 青春创世纪》内地引进版 豪华版,专辑,5,2016.04.04
专辑,专辑,4,2016.04.04
专辑,专辑,3,2016.04.04
专辑,专辑,2,2016.04.04
专辑,专辑,1,2016.04.04
《Reloaded 重启》,专辑,10,2016.04.11
《新的心跳》,专辑,9,2016.04.11
《有理想》,专辑,8,2016.04.11
《目标（豪华版）》,专辑,7,2016.04.11
专辑,专辑,6,2016.04.11
《Purpose 目标 （普通版）》,专辑,5,2016.04.11
专辑,专辑,4,2016.04.11
专辑,专辑,3,2016.04.11
专辑,专辑,2,2016.04.11
专辑,专辑,1,2016.04.11
《Reloaded 重启》,专辑,10,2016.04.18
《新的心跳》,专辑,9,2016.04.18
《Blue Neighbourhood 蓝色街区（豪华版）》,专辑,8,2016.04.18
《Purpose 目标 （普通版）》,专辑,7,2016.04.18
专辑,专辑,6,2016.04.18
专辑,专辑,5,2016.04.18
《克罗地亚狂想曲2016》,专辑,4,2016.04.18
专辑,专辑,3,2016.04.18
专辑,专辑,2,2016.04.18
专辑,专辑,1,2016.04.18
《Reloaded 重启》,专辑,10,2016.04.25
《Blue Neighbourhood 蓝色街区（豪华版）》,专辑,9,2016.04.25
《目标（豪华版）》,专辑,8,2016.04.25
《新的心跳》,专辑,7,2016.04.25
《25》,专辑,6,2016.04.25
专辑,专辑,5,2016.04.25
专辑,专辑,4,2016.04.25
专辑,专辑,3,2016.04.25
专辑,专辑,2,2016.04.25
专辑,专辑,1,2016.04.25
《Reloaded 重启》,专辑,10,2016.05.02
专辑,专辑,9,2016.05.02
《新的心跳》,专辑,8,2016.05.02
专辑,专辑,7,2016.05.02
《Purpose 目标 （普通版）》,专辑,6,2016.05.02
《Blue Neighbourhood 蓝色街区（豪华版）》,专辑,5,2016.05.02
专辑,专辑,4,2016.05.02
专辑,专辑,3,2016.05.02
专辑,专辑,2,2016.05.02
《克罗地亚狂想曲2016》,专辑,1,2016.05.02
《Adore》,专辑,10,2016.05.09
专辑,专辑,9,2016.05.09
《Reloaded 重启》,专辑,8,2016.05.09
周杰伦《魔天伦世界巡回演唱会 DVD+2CD》,专辑,7,2016.05.09
专辑,专辑,6,2016.05.09
专辑,专辑,5,2016.05.09
专辑,专辑,4,2016.05.09
《目标（豪华版）》,专辑,3,2016.05.09
《新的心跳》,专辑,2,2016.05.09
《超乎想象》,专辑,1,2016.05.09
《Adore》,专辑,10,2016.05.16
专辑,专辑,9,2016.05.16
《Reloaded 重启》,专辑,8,2016.05.16
周杰伦《魔天伦世界巡回演唱会 DVD+2CD》,专辑,7,2016.05.16
专辑,专辑,6,2016.05.16
《我要你好好的》,专辑,5,2016.05.16
专辑,专辑,4,2016.05.16
专辑,专辑,3,2016.05.16
《超乎想象》,专辑,2,2016.05.16
专辑,专辑,1,2016.05.16
《Adore》,专辑,10,2016.05.23
《Reloaded 重启》,专辑,9,2016.05.23
专辑,专辑,8,2016.05.23
专辑,专辑,7,2016.05.23
《Blue Neighbourhood 蓝色街区（豪华版）》,专辑,6,2016.05.23
《新的心跳》,专辑,5,2016.05.23
《Made In The A.M. 青春创世纪》内地引进版 豪华版,专辑,4,2016.05.23
专辑,专辑,3,2016.05.23
《超乎想象》,专辑,2,2016.05.23
专辑,专辑,1,2016.05.23
《Adore》,专辑,10,2016.05.30
《Reloaded 重启》,专辑,9,2016.05.30
专辑,专辑,8,2016.05.30
《目标（豪华版）》,专辑,7,2016.05.30
《新的心跳》,专辑,6,2016.05.30
《Revival 复苏》,专辑,5,2016.05.30
专辑,专辑,4,2016.05.30
专辑,专辑,3,2016.05.30
专辑,专辑,2,2016.05.30
《超乎想象》,专辑,1,2016.05.30
《Adore》,专辑,10,2016.06.06
《Reloaded 重启》,专辑,9,2016.06.06
专辑,专辑,8,2016.06.06
专辑,专辑,7,2016.06.06
《有理想》,专辑,6,2016.06.06
《目标（豪华版）》,专辑,5,2016.06.06
《25》,专辑,4,2016.06.06
专辑,专辑,3,2016.06.06
专辑,专辑,2,2016.06.06
《相遇的后续》,专辑,1,2016.06.06
《Adore》,专辑,10,2016.06.13
《Reloaded 重启》,专辑,9,2016.06.13
《Purpose 目标 （普通版）》,专辑,8,2016.06.13
《目标（豪华版）》,专辑,7,2016.06.13
专辑,专辑,6,2016.06.13
《新的心跳》,专辑,5,2016.06.13
专辑,专辑,4,2016.06.13
专辑,专辑,3,2016.06.13
《超乎想象》,专辑,2,2016.06.13
专辑,专辑,1,2016.06.13
《卅兮卅/$axi$a》,专辑,10,2016.06.20
《Adore》,专辑,9,2016.06.20
《Reloaded 重启》,专辑,8,2016.06.20
《新的心跳》,专辑,7,2016.06.20
专辑,专辑,6,2016.06.20
《Blue Neighbourhood 蓝色街区（豪华版）》,专辑,5,2016.06.20
专辑,专辑,4,2016.06.20
《超乎想象》,专辑,3,2016.06.20
专辑,专辑,2,2016.06.20
专辑,专辑,1,2016.06.20
《卅兮卅/$axi$a》,专辑,10,2016.06.27
《Adore》,专辑,9,2016.06.27
《Reloaded 重启》,专辑,8,2016.06.27
专辑,专辑,7,2016.06.27
《Blue Neighbourhood 蓝色街区（豪华版）》,专辑,6,2016.06.27
《新的心跳》,专辑,5,2016.06.27
《25》,专辑,4,2016.06.27
《超乎想象》,专辑,3,2016.06.27
专辑,专辑,2,2016.06.27
专辑,专辑,1,2016.06.27
《卅兮卅/$axi$a》,专辑,10,2016.07.04
《Adore》,专辑,9,2016.07.04
《Reloaded 重启》,专辑,8,2016.07.04
周杰伦《魔天伦世界巡回演唱会 DVD+2CD》,专辑,7,2016.07.04
专辑,专辑,6,2016.07.04
《新的心跳》,专辑,5,2016.07.04
《Blue Neighbourhood 蓝色街区（豪华版）》,专辑,4,2016.07.04
专辑,专辑,3,2016.07.04
《超乎想象》,专辑,2,2016.07.04
专辑,专辑,1,2016.07.04
《Adore》,专辑,10,2016.07.11
《Reloaded 重启》,专辑,9,2016.07.11
《卅兮卅/$axi$a》,专辑,8,2016.07.11
《目标（豪华版）》,专辑,7,2016.07.11
《Blue Neighbourhood 蓝色街区（豪华版）》,专辑,6,2016.07.11
《相遇的后续》,专辑,5,2016.07.11
专辑,专辑,4,2016.07.11
《超乎想象》,专辑,3,2016.07.11
专辑,专辑,2,2016.07.11
专辑,专辑,1,2016.07.11
《Adore》,专辑,10,2016.07.18
《Reloaded 重启》,专辑,9,2016.07.18
《卅兮卅/$axi$a》,专辑,8,2016.07.18
专辑,专辑,7,2016.07.18
《Blue Neighbourhood 蓝色街区（豪华版）》,专辑,6,2016.07.18
专辑,专辑,5,2016.07.18
《超乎想象》,专辑,4,2016.07.18
专辑,专辑,3,2016.07.18
专辑,专辑,2,2016.07.18
专辑,专辑,1,2016.07.18
《Adore》,专辑,10,2016.07.25
《Reloaded 重启》,专辑,9,2016.07.25
《卅兮卅/$axi$a》,专辑,8,2016.07.25
专辑,专辑,7,2016.07.25
《Blue Neighbourhood 蓝色街区（豪华版）》,专辑,6,2016.07.25
《Purpose 目标 （普通版）》,专辑,5,2016.07.25
专辑,专辑,4,2016.07.25
专辑,专辑,3,2016.07.25
专辑,专辑,2,2016.07.25
专辑,专辑,1,2016.07.25
《Reloaded 重启》,专辑,10,2016.08.01
《Purpose 目标 （普通版）》,专辑,9,2016.08.01
《Revival 复苏》,专辑,8,2016.08.01
《Made In The A.M. 青春创世纪》内地引进版 豪华版,专辑,7,2016.08.01
专辑,专辑,6,2016.08.01
《目标（豪华版）》,专辑,5,2016.08.01
《25》,专辑,4,2016.08.01
专辑,专辑,3,2016.08.01
《新的心跳》,专辑,2,2016.08.01
专辑,专辑,1,2016.08.01
《初学者》,专辑,10,2016.08.08
《卅兮卅/$axi$a》,专辑,9,2016.08.08
《Adore》,专辑,8,2016.08.08
《Reloaded 重启》,专辑,7,2016.08.08
专辑,专辑,6,2016.08.08
《目标（豪华版）》,专辑,5,2016.08.08
《Purpose 目标 （普通版）》,专辑,4,2016.08.08
《Blue Neighbourhood 蓝色街区（豪华版）》,专辑,3,2016.08.08
专辑,专辑,2,2016.08.08
专辑,专辑,1,2016.08.08
《初学者》,专辑,10,2016.08.15
《卅兮卅/$axi$a》,专辑,9,2016.08.15
《15》珍藏版,专辑,8,2016.08.15
《Adore》,专辑,7,2016.08.15
《Reloaded 重启》,专辑,6,2016.08.15
《请在哔声后留言》,专辑,5,2016.08.15
《新的心跳》,专辑,4,2016.08.15
《超乎想象》,专辑,3,2016.08.15
专辑,专辑,2,2016.08.15
《相遇的后续》,专辑,1,2016.08.15
《The Road》,专辑,10,2016.08.22
《初学者》,专辑,9,2016.08.22
《Adore》,专辑,8,2016.08.22
《卅兮卅/$axi$a》,专辑,7,2016.08.22
《Reloaded 重启》,专辑,6,2016.08.22
《15》珍藏版,专辑,5,2016.08.22
《请在哔声后留言》,专辑,4,2016.08.22
《15》,专辑,3,2016.08.22
《新的心跳》,专辑,2,2016.08.22
《目标（豪华版）》,专辑,1,2016.08.22
《初学者》,专辑,10,2016.08.29
《卅兮卅/$axi$a》,专辑,9,2016.08.29
《Reloaded 重启》,专辑,8,2016.08.29
《Adore》,专辑,7,2016.08.29
《15》珍藏版,专辑,6,2016.08.29
《请在哔声后留言》,专辑,5,2016.08.29
《Blue Neighbourhood 蓝色街区（豪华版）》,专辑,4,2016.08.29
专辑,专辑,3,2016.08.29
《超乎想象》,专辑,2,2016.08.29
专辑,专辑,1,2016.08.29
《旋风》,专辑,10,2016.09.05
《卅兮卅/$axi$a》,专辑,9,2016.09.05
《初学者》,专辑,8,2016.09.05
《Reloaded 重启》,专辑,7,2016.09.05
《Adore》,专辑,6,2016.09.05
《15》珍藏版,专辑,5,2016.09.05
《请在哔声后留言》,专辑,4,2016.09.05
《超乎想象》,专辑,3,2016.09.05
专辑,专辑,2,2016.09.05
《相遇的后续》,专辑,1,2016.09.05
《旋风》,专辑,10,2016.09.12
《卅兮卅/$axi$a》,专辑,9,2016.09.12
《初学者》,专辑,8,2016.09.12
《Reloaded 重启》,专辑,7,2016.09.12
《Adore》,专辑,6,2016.09.12
专辑,专辑,5,2016.09.12
《15》珍藏版,专辑,4,2016.09.12
《请在哔声后留言》,专辑,3,2016.09.12
《新的心跳》,专辑,2,2016.09.12
《我要你好好的》,专辑,1,2016.09.12
《旋风》,专辑,10,2016.09.19
《初学者》,专辑,9,2016.09.19
《Reloaded 重启》,专辑,8,2016.09.19
专辑,专辑,7,2016.09.19
专辑,专辑,6,2016.09.19
《Adore》,专辑,5,2016.09.19
《25》,专辑,4,2016.09.19
《相遇的后续》,专辑,3,2016.09.19
《超乎想象》,专辑,2,2016.09.19
专辑,专辑,1,2016.09.19
《旋风》,专辑,10,2016.09.26
专辑,专辑,9,2016.09.26
《Reloaded 重启》,专辑,8,2016.09.26
《Adore》,专辑,7,2016.09.26
《初学者》,专辑,6,2016.09.26
《请在哔声后留言》,专辑,5,2016.09.26
《卅兮卅/$axi$a》,专辑,4,2016.09.26
专辑,专辑,3,2016.09.26
专辑,专辑,2,2016.09.26
《超乎想象》,专辑,1,2016.09.26
专辑,专辑,10,2016.10.03
《卅兮卅/$axi$a》,专辑,9,2016.10.03
《旋风》,专辑,8,2016.10.03
《Reloaded 重启》,专辑,7,2016.10.03
《初学者》,专辑,6,2016.10.03
《Adore》,专辑,5,2016.10.03
专辑,专辑,4,2016.10.03
《Blue Neighbourhood 蓝色街区（豪华版）》,专辑,3,2016.10.03
《有理想》,专辑,2,2016.10.03
韩剧《制作人》电视原声带,专辑,1,2016.10.03
《旋风》,专辑,10,2016.10.10
《Reloaded 重启》,专辑,9,2016.10.10
《初学者》,专辑,8,2016.10.10
专辑,专辑,7,2016.10.10
《Adore》,专辑,6,2016.10.10
专辑,专辑,5,2016.10.10
《目标（豪华版）》,专辑,4,2016.10.10
《卅兮卅/$axi$a》,专辑,3,2016.10.10
《15》珍藏版,专辑,2,2016.10.10
《相遇的后续》,专辑,1,2016.10.10
《旋风》,专辑,10,2016.10.17
专辑,专辑,9,2016.10.17
《Reloaded 重启》,专辑,8,2016.10.17
《Adore》,专辑,7,2016.10.17
《初学者》,专辑,6,2016.10.17
《卅兮卅/$axi$a》,专辑,5,2016.10.17
《Made In The A.M. 青春创世纪》内地引进版 豪华版,专辑,4,2016.10.17
《有理想》,专辑,3,2016.10.17
专辑,专辑,2,2016.10.17
《目标（豪华版）》,专辑,1,2016.10.17
《初学者》,专辑,10,2016.10.24
《旋风》,专辑,9,2016.10.24
《Reloaded 重启》,专辑,8,2016.10.24
《Adore》,专辑,7,2016.10.24
专辑,专辑,6,2016.10.24
专辑,专辑,5,2016.10.24
《The Road》,专辑,4,2016.10.24
《15》珍藏版,专辑,3,2016.10.24
《有理想》,专辑,2,2016.10.24
《新的心跳》,专辑,1,2016.10.24
《Reloaded 重启》,专辑,10,2016.10.31
《旋风》,专辑,9,2016.10.31
《初学者》,专辑,8,2016.10.31
韩剧《制作人》电视原声带,专辑,7,2016.10.31
《Adore》,专辑,6,2016.10.31
专辑,专辑,5,2016.10.31
专辑,专辑,4,2016.10.31
专辑,专辑,3,2016.10.31
《目标（豪华版）》,专辑,2,2016.10.31
《15》珍藏版,专辑,1,2016.10.31
《Reloaded 重启》,专辑,10,2016.11.07
《初学者》,专辑,9,2016.11.07
《Adore》,专辑,8,2016.11.07
《旋风》,专辑,7,2016.11.07
《Blue Neighbourhood 蓝色街区（豪华版）》,专辑,6,2016.11.07
《25》,专辑,5,2016.11.07
专辑,专辑,4,2016.11.07
《真人秀?》,专辑,3,2016.11.07
《15》珍藏版,专辑,2,2016.11.07
《相遇的后续》,专辑,1,2016.11.07
《Reloaded 重启》,专辑,10,2016.11.14
《旋风》,专辑,9,2016.11.14
《Adore》,专辑,8,2016.11.14
《Blue Neighbourhood 蓝色街区（豪华版）》,专辑,7,2016.11.14
《自传》内地引进版 首批限量版,专辑,6,2016.11.14
专辑,专辑,5,2016.11.14
《目标（豪华版）》,专辑,4,2016.11.14
《相遇的后续》,专辑,3,2016.11.14
专辑,专辑,2,2016.11.14
《超乎想象》,专辑,1,2016.11.14
《Reloaded 重启》,专辑,10,2016.11.21
《自传》内地引进版 首批限量版,专辑,9,2016.11.21
《旋风》,专辑,8,2016.11.21
《自传》内地引进版 普通版,专辑,7,2016.11.21
专辑,专辑,6,2016.11.21
《Revival 复苏》,专辑,5,2016.11.21
《Adore》,专辑,4,2016.11.21
《卅兮卅/$axi$a》,专辑,3,2016.11.21
专辑,专辑,2,2016.11.21
《有理想》,专辑,1,2016.11.21
《十二月》“心意”珍藏版,专辑,10,2016.11.28
《Reloaded 重启》,专辑,9,2016.11.28
《自传》内地引进版 首批限量版,专辑,8,2016.11.28
《Adore》,专辑,7,2016.11.28
《旋风》,专辑,6,2016.11.28
《自传》内地引进版 普通版,专辑,5,2016.11.28
专辑,专辑,4,2016.11.28
《15》珍藏版,专辑,3,2016.11.28
《请在哔声后留言》,专辑,2,2016.11.28
专辑,专辑,1,2016.11.28
《十二月》签名版 W版,专辑,10,2016.12.05
《十二月》签名版 Q版,专辑,9,2016.12.05
《Reloaded 重启》,专辑,8,2016.12.05
《旋风》,专辑,7,2016.12.05
《自传》内地引进版 首批限量版,专辑,6,2016.12.05
《Adore》,专辑,5,2016.12.05
专辑,专辑,4,2016.12.05
专辑,专辑,3,2016.12.05
《自传》内地引进版 普通版,专辑,2,2016.12.05
《Blue Neighbourhood 蓝色街区（豪华版）》,专辑,1,2016.12.05
《十二月》签名版 W版,专辑,10,2016.12.12
《十二月》签名版 Q版,专辑,9,2016.12.12
《Reloaded 重启》,专辑,8,2016.12.12
《旋风》,专辑,7,2016.12.12
专辑,专辑,6,2016.12.12
《自传》内地引进版 首批限量版,专辑,5,2016.12.12
《Adore》,专辑,4,2016.12.12
《日常》,专辑,3,2016.12.12
《Blue Neighbourhood 蓝色街区（豪华版）》,专辑,2,2016.12.12
《乔任梁》,专辑,1,2016.12.12
《十二月》签名版 W版,专辑,10,2016.12.19
《十二月》签名版 Q版,专辑,9,2016.12.19
《Reloaded 重启》,专辑,8,2016.12.19
专辑,专辑,7,2016.12.19
《乔任梁》,专辑,6,2016.12.19
《旋风》,专辑,5,2016.12.19
《Adore》,专辑,4,2016.12.19
《日常》,专辑,3,2016.12.19
《目标（豪华版）》,专辑,2,2016.12.19
《自传》内地引进版 首批限量版,专辑,1,2016.12.19
《十二月》签名版 W版,专辑,10,2016.12.26
《十二月》签名版 Q版,专辑,9,2016.12.26
《Reloaded 重启》,专辑,8,2016.12.26
《乔任梁》,专辑,7,2016.12.26
《自传》内地引进版 首批限量版,专辑,6,2016.12.26
专辑,专辑,5,2016.12.26
《Adore》,专辑,4,2016.12.26
专辑,专辑,3,2016.12.26
《日常》,专辑,2,2016.12.26
《Blue Neighbourhood 蓝色街区（豪华版）》,专辑,1,2016.12.26
《十二月》签名版 W版,专辑,10,2017.01.02
《Reloaded 重启》,专辑,9,2017.01.02
《十二月》签名版 Q版,专辑,8,2017.01.02
专辑,专辑,7,2017.01.02
《自传》内地引进版 首批限量版,专辑,6,2017.01.02
《日常》,专辑,5,2017.01.02
《旋风》,专辑,4,2017.01.02
《乔任梁》,专辑,3,2017.01.02
专辑,专辑,2,2017.01.02
《最爱与珍藏》,专辑,1,2017.01.02
《Reloaded 重启》,专辑,10,2017.01.09
《十二月》签名版 W版,专辑,9,2017.01.09
《十二月》签名版 Q版,专辑,8,2017.01.09
《日常》,专辑,7,2017.01.09
《旋风》,专辑,6,2017.01.09
《自传》内地引进版 首批限量版,专辑,5,2017.01.09
《Blue Neighbourhood 蓝色街区（豪华版）》,专辑,4,2017.01.09
专辑,专辑,3,2017.01.09
《有理想》,专辑,2,2017.01.09
《Adore》,专辑,1,2017.01.09
《十二月》签名版 Q版,专辑,10,2017.01.16
《十二月》签名版 W版,专辑,9,2017.01.16
《Reloaded 重启》,专辑,8,2017.01.16
《日常》,专辑,7,2017.01.16
《乔任梁》,专辑,6,2017.01.16
专辑,专辑,5,2017.01.16
《目标（豪华版）》,专辑,4,2017.01.16
专辑,专辑,3,2017.01.16
《Adore》,专辑,2,2017.01.16
专辑,专辑,1,2017.01.16
《十二月》签名版 W版,专辑,10,2017.01.23
《十二月》签名版 Q版,专辑,9,2017.01.23
《Reloaded 重启》,专辑,8,2017.01.23
《初学者》,专辑,7,2017.01.23
《Adore》,专辑,6,2017.01.23
专辑,专辑,5,2017.01.23
《乔任梁》,专辑,4,2017.01.23
《日常》,专辑,3,2017.01.23
《Made In The A.M. 青春创世纪》内地引进版 豪华版,专辑,2,2017.01.23
《旋风》,专辑,1,2017.01.23
《十二月》签名版 W版,专辑,10,2017.01.30
《十二月》签名版 Q版,专辑,9,2017.01.30
《Reloaded 重启》,专辑,8,2017.01.30
《日常》,专辑,7,2017.01.30
《初学者》,专辑,6,2017.01.30
《旋风》,专辑,5,2017.01.30
《目标（豪华版）》,专辑,4,2017.01.30
《Adore》,专辑,3,2017.01.30
专辑,专辑,2,2017.01.30
专辑,专辑,1,2017.01.30
《十二月》签名版 W版,专辑,10,2017.02.06
《十二月》签名版 Q版,专辑,9,2017.02.06
《Reloaded 重启》,专辑,8,2017.02.06
《Adore》,专辑,7,2017.02.06
《初学者》,专辑,6,2017.02.06
《旋风》,专辑,5,2017.02.06
《自传》内地引进版 首批限量版,专辑,4,2017.02.06
《日常》,专辑,3,2017.02.06
《Blue Neighbourhood 蓝色街区（豪华版）》,专辑,2,2017.02.06
专辑,专辑,1,2017.02.06
《十二月》签名版 Q版,专辑,10,2017.02.13
《十二月》签名版 W版,专辑,9,2017.02.13
《Reloaded 重启》,专辑,8,2017.02.13
《初学者》,专辑,7,2017.02.13
《Adore》,专辑,6,2017.02.13
《旋风》,专辑,5,2017.02.13
《自传》内地引进版 首批限量版,专辑,4,2017.02.13
《15》珍藏版,专辑,3,2017.02.13
《日常》,专辑,2,2017.02.13
《乔任梁》,专辑,1,2017.02.13
《Reloaded 重启》,专辑,10,2017.02.20
《十二月》签名版 Q版,专辑,9,2017.02.20
《十二月》签名版 W版,专辑,8,2017.02.20
专辑,专辑,7,2017.02.20
《初学者》,专辑,6,2017.02.20
《自传》内地引进版 首批限量版,专辑,5,2017.02.20
《Blue Neighbourhood 蓝色街区（豪华版）》,专辑,4,2017.02.20
《乔任梁》,专辑,3,2017.02.20
《旋风》,专辑,2,2017.02.20
《我要你好好的》,专辑,1,2017.02.20
《十二月》签名版 W版,专辑,10,2017.02.27
《十二月》签名版 Q版,专辑,9,2017.02.27
《Reloaded 重启》,专辑,8,2017.02.27
《日常》,专辑,7,2017.02.27
《自传》内地引进版 普通版,专辑,6,2017.02.27
《旋风》,专辑,5,2017.02.27
《Adore》,专辑,4,2017.02.27
专辑,专辑,3,2017.02.27
《自传》内地引进版 首批限量版,专辑,2,2017.02.27
《新的心跳》,专辑,1,2017.02.27
《NEW WORLD》,专辑,10,2017.03.06
《Reloaded 重启》,专辑,9,2017.03.06
《Adore》,专辑,8,2017.03.06
《十二月》签名版 Q版,专辑,7,2017.03.06
《十二月》签名版 W版,专辑,6,2017.03.06
专辑,专辑,5,2017.03.06
《日常》,专辑,4,2017.03.06
专辑,专辑,3,2017.03.06
《15》珍藏版,专辑,2,2017.03.06
《目标（豪华版）》,专辑,1,2017.03.06
《NEW WORLD》,专辑,10,2017.03.13
《Reloaded 重启》,专辑,9,2017.03.13
《十二月》签名版 W版,专辑,8,2017.03.13
《十二月》签名版 Q版,专辑,7,2017.03.13
《日常》,专辑,6,2017.03.13
专辑,专辑,5,2017.03.13
《Blue Neighbourhood 蓝色街区（豪华版）》,专辑,4,2017.03.13
《Purpose 目标 （普通版）》,专辑,3,2017.03.13
《永远都在》,专辑,2,2017.03.13
专辑,专辑,1,2017.03.13
《Reloaded 重启》,专辑,10,2017.03.20
《十二月》签名版 Q版,专辑,9,2017.03.20
《NEW WORLD》,专辑,8,2017.03.20
《十二月》签名版 W版,专辑,7,2017.03.20
专辑,专辑,6,2017.03.20
《Blue Neighbourhood 蓝色街区（豪华版）》,专辑,5,2017.03.20
《乔任梁》,专辑,4,2017.03.20
专辑,专辑,3,2017.03.20
《25》,专辑,2,2017.03.20
《日常》,专辑,1,2017.03.20
《十二月》签名版 Q版,专辑,10,2017.03.27
《十二月》签名版 W版,专辑,9,2017.03.27
《Reloaded 重启》,专辑,8,2017.03.27
《NEW WORLD》,专辑,7,2017.03.27
专辑,专辑,6,2017.03.27
《Blue Neighbourhood 蓝色街区（豪华版）》,专辑,5,2017.03.27
《日常》,专辑,4,2017.03.27
《15》,专辑,3,2017.03.27
《卅兮卅/$axi$a》,专辑,2,2017.03.27
专辑,专辑,1,2017.03.27
《Reloaded 重启》,专辑,10,2017.04.03
《NEW WORLD》,专辑,9,2017.04.03
《Adore》,专辑,8,2017.04.03
《日常》,专辑,7,2017.04.03
专辑,专辑,6,2017.04.03
《目标（豪华版）》,专辑,5,2017.04.03
《超乎想象》,专辑,4,2017.04.03
《Black & Golden黑金》,专辑,3,2017.04.03
《十二月》签名版 W版,专辑,2,2017.04.03
周杰伦《魔天伦世界巡回演唱会 DVD+2CD》,专辑,1,2017.04.03
《Reloaded 重启》,专辑,10,2017.04.10
《NEW WORLD》,专辑,9,2017.04.10
《Adore》,专辑,8,2017.04.10
《Blue Neighbourhood 蓝色街区（豪华版）》,专辑,7,2017.04.10
专辑,专辑,6,2017.04.10
《日常》,专辑,5,2017.04.10
专辑,专辑,4,2017.04.10
《相遇的后续》,专辑,3,2017.04.10
《超乎想象》,专辑,2,2017.04.10
专辑,专辑,1,2017.04.10
《Reloaded 重启》,专辑,10,2017.04.17
《NEW WORLD》,专辑,9,2017.04.17
《Blue Neighbourhood 蓝色街区（豪华版）》,专辑,8,2017.04.17
《Adore》,专辑,7,2017.04.17
专辑,专辑,6,2017.04.17
《相遇的后续》,专辑,5,2017.04.17
专辑,专辑,4,2017.04.17
《十二月》签名版 W版,专辑,3,2017.04.17
《十二月》签名版 Q版,专辑,2,2017.04.17
《卅兮卅/$axi$a》,专辑,1,2017.04.17
《Reloaded 重启》,专辑,10,2017.04.24
《NEW WORLD》,专辑,9,2017.04.24
专辑,专辑,8,2017.04.24
《日常》,专辑,7,2017.04.24
周杰伦《魔天伦世界巡回演唱会 DVD+2CD》,专辑,6,2017.04.24
专辑,专辑,5,2017.04.24
《相遇的后续》,专辑,4,2017.04.24
《超乎想象》,专辑,3,2017.04.24
专辑,专辑,2,2017.04.24
专辑,专辑,1,2017.04.24
《Reloaded 重启》,专辑,10,2017.05.01
《NEW WORLD》,专辑,9,2017.05.01
《Blue Neighbourhood 蓝色街区（豪华版）》,专辑,8,2017.05.01
《我要你好好的》,专辑,7,2017.05.01
《日常》,专辑,6,2017.05.01
《Revival 复苏》,专辑,5,2017.05.01
专辑,专辑,4,2017.05.01
《十二月》签名版 Q版,专辑,3,2017.05.01
《Adore》,专辑,2,2017.05.01
专辑,专辑,1,2017.05.01
《Reloaded 重启》,专辑,10,2017.05.08
《NEW WORLD》,专辑,9,2017.05.08
《Adore》,专辑,8,2017.05.08
《日常》,专辑,7,2017.05.08
专辑,专辑,6,2017.05.08
专辑,专辑,5,2017.05.08
《相遇的后续》,专辑,4,2017.05.08
《超乎想象》,专辑,3,2017.05.08
专辑,专辑,2,2017.05.08
专辑,专辑,1,2017.05.08
《Reloaded 重启》,专辑,10,2017.05.15
《NEW WORLD》,专辑,9,2017.05.15
《日常》,专辑,8,2017.05.15
专辑,专辑,7,2017.05.15
《目标（豪华版）》,专辑,6,2017.05.15
《新的心跳》,专辑,5,2017.05.15
《十二月》签名版 W版,专辑,4,2017.05.15
周杰伦《魔天伦世界巡回演唱会 DVD+2CD》,专辑,3,2017.05.15
专辑,专辑,2,2017.05.15
《相遇的后续》,专辑,1,2017.05.15
《NEW WORLD》,专辑,10,2017.05.22
《Reloaded 重启》,专辑,9,2017.05.22
《目标（豪华版）》,专辑,8,2017.05.22
《日常》,专辑,7,2017.05.22
专辑,专辑,6,2017.05.22
《Revival 复苏》,专辑,5,2017.05.22
《Blue Neighbourhood 蓝色街区（豪华版）》,专辑,4,2017.05.22
《真人秀?》,专辑,3,2017.05.22
专辑,专辑,2,2017.05.22
专辑,专辑,1,2017.05.22
《Reloaded 重启》,专辑,10,2017.05.29
专辑,专辑,9,2017.05.29
专辑,专辑,8,2017.05.29
《NEW WORLD》,专辑,7,2017.05.29
专辑,专辑,6,2017.05.29
《日常》,专辑,5,2017.05.29
专辑,专辑,4,2017.05.29
专辑,专辑,3,2017.05.29
专辑,专辑,2,2017.05.29
周杰伦《魔天伦世界巡回演唱会 DVD+2CD》,专辑,1,2017.05.29
《Reloaded 重启》,专辑,10,2017.06.05
专辑,专辑,9,2017.06.05
《NEW WORLD》,专辑,8,2017.06.05
专辑,专辑,7,2017.06.05
《日常》,专辑,6,2017.06.05
《目标（豪华版）》,专辑,5,2017.06.05
《25》,专辑,4,2017.06.05
专辑,专辑,3,2017.06.05
《最爱与珍藏》,专辑,2,2017.06.05
《15》珍藏版,专辑,1,2017.06.05
《Reloaded 重启》,专辑,10,2017.06.12
专辑,专辑,9,2017.06.12
《新的心跳》,专辑,8,2017.06.12
《卅兮卅/$axi$a》,专辑,7,2017.06.12
《NEW WORLD》,专辑,6,2017.06.12
《相遇的后续》,专辑,5,2017.06.12
《25》,专辑,4,2017.06.12
《旋风》,专辑,3,2017.06.12
专辑,专辑,2,2017.06.12
《十二月》签名版 W版,专辑,1,2017.06.12
《Reloaded 重启》,专辑,10,2017.06.19
专辑,专辑,9,2017.06.19
《日常》,专辑,8,2017.06.19
专辑,专辑,7,2017.06.19
《旋风》,专辑,6,2017.06.19
《新的心跳》,专辑,5,2017.06.19
《The Road》,专辑,4,2017.06.19
《15》珍藏版,专辑,3,2017.06.19
《请在哔声后留言》,专辑,2,2017.06.19
《十二月》签名版 W版,专辑,1,2017.06.19
《Reloaded 重启》,专辑,10,2017.06.26
《Adore》,专辑,9,2017.06.26
专辑,专辑,8,2017.06.26
《新的心跳》,专辑,7,2017.06.26
专辑,专辑,6,2017.06.26
《目标（豪华版）》,专辑,5,2017.06.26
《15》,专辑,4,2017.06.26
《The Road》,专辑,3,2017.06.26
《旋风》,专辑,2,2017.06.26
《我要你好好的》,专辑,1,2017.06.26
《Reloaded 重启》,专辑,10,2017.07.03
《Adore》,专辑,9,2017.07.03
专辑,专辑,8,2017.07.03
《克罗地亚狂想曲2016》,专辑,7,2017.07.03
专辑,专辑,6,2017.07.03
《旋风》,专辑,5,2017.07.03
《The Road》,专辑,4,2017.07.03
《15》珍藏版,专辑,3,2017.07.03
《十二月》签名版 W版,专辑,2,2017.07.03
《请在哔声后留言》,专辑,1,2017.07.03
《Reloaded 重启》,专辑,10,2017.07.10
专辑,专辑,9,2017.07.10
《目标（豪华版）》,专辑,8,2017.07.10
《新的心跳》,专辑,7,2017.07.10
《Revival 复苏》,专辑,6,2017.07.10
《卅兮卅/$axi$a》,专辑,5,2017.07.10
《最爱与珍藏》,专辑,4,2017.07.10
《请在哔声后留言》,专辑,3,2017.07.10
《15》珍藏版,专辑,2,2017.07.10
《The Road》,专辑,1,2017.07.10
《Reloaded 重启》,专辑,10,2017.07.17
《新的心跳》,专辑,9,2017.07.17
《日常》,专辑,8,2017.07.17
《目标（豪华版）》,专辑,7,2017.07.17
专辑,专辑,6,2017.07.17
《真人秀?》,专辑,5,2017.07.17
《请在哔声后留言》,专辑,4,2017.07.17
《15》珍藏版,专辑,3,2017.07.17
《The Road》,专辑,2,2017.07.17
《旋风》,专辑,1,2017.07.17
《Reloaded 重启》,专辑,10,2017.07.24
《有理想》,专辑,9,2017.07.24
《乔任梁》,专辑,8,2017.07.24
《15》珍藏版,专辑,7,2017.07.24
《目标（豪华版）》,专辑,6,2017.07.24
《十二月》签名版 Q版,专辑,5,2017.07.24
《十二月》签名版 W版,专辑,4,2017.07.24
专辑,专辑,3,2017.07.24
《旋风》,专辑,2,2017.07.24
《The Road》,专辑,1,2017.07.24
《Reloaded 重启》,专辑,10,2017.07.31
专辑,专辑,9,2017.07.31
《旋风》,专辑,8,2017.07.31
专辑,专辑,7,2017.07.31
《新的心跳》,专辑,6,2017.07.31
《十二月》签名版 W版,专辑,5,2017.07.31
《The Road》,专辑,4,2017.07.31
《15》珍藏版,专辑,3,2017.07.31
《请在哔声后留言》,专辑,2,2017.07.31
《初学者》,专辑,1,2017.07.31
专辑,专辑,10,2017.08.07
《Reloaded 重启》,专辑,9,2017.08.07
专辑,专辑,8,2017.08.07
专辑,专辑,7,2017.08.07
《新的心跳》,专辑,6,2017.08.07
《真人秀?》,专辑,5,2017.08.07
《The Road》,专辑,4,2017.08.07
《旋风》,专辑,3,2017.08.07
《河流》,专辑,2,2017.08.07
《十二月》签名版 W版,专辑,1,2017.08.07
专辑,专辑,10,2017.08.14
《Reloaded 重启》,专辑,9,2017.08.14
专辑,专辑,8,2017.08.14
《Adore》,专辑,7,2017.08.14
专辑,专辑,6,2017.08.14
《日常》,专辑,5,2017.08.14
《25》,专辑,4,2017.08.14
《最爱与珍藏》,专辑,3,2017.08.14
《NEW WORLD》,专辑,2,2017.08.14
《15》珍藏版,专辑,1,2017.08.14
《Reloaded 重启》,专辑,10,2017.08.21
《Adore》,专辑,9,2017.08.21
《旋风》,专辑,8,2017.08.21
《新的心跳》,专辑,7,2017.08.21
《请在哔声后留言》,专辑,6,2017.08.21
《目标（豪华版）》,专辑,5,2017.08.21
《最爱与珍藏》,专辑,4,2017.08.21
《NEW WORLD》,专辑,3,2017.08.21
《15》珍藏版,专辑,2,2017.08.21
《The Road》,专辑,1,2017.08.21
《Reloaded 重启》,专辑,10,2017.08.28
《天生》,专辑,9,2017.08.28
《Adore》,专辑,8,2017.08.28
《我要你好好的》,专辑,7,2017.08.28
《旋风》,专辑,6,2017.08.28
《目标（豪华版）》,专辑,5,2017.08.28
《乔任梁》,专辑,4,2017.08.28
《十二月》签名版 Q版,专辑,3,2017.08.28
《十二月》签名版 W版,专辑,2,2017.08.28
专辑,专辑,1,2017.08.28
《Reloaded 重启》,专辑,10,2017.09.04
《15》珍藏版,专辑,9,2017.09.04
《Purpose 目标 （普通版）》,专辑,8,2017.09.04
专辑,专辑,7,2017.09.04
《25》,专辑,6,2017.09.04
《相遇的后续》,专辑,5,2017.09.04
专辑,专辑,4,2017.09.04
《十二月》签名版 W版,专辑,3,2017.09.04
《十二月》签名版 Q版,专辑,2,2017.09.04
《旋风》,专辑,1,2017.09.04
《Reloaded 重启》,专辑,10,2017.09.11
《Adore》,专辑,9,2017.09.11
《天生》,专辑,8,2017.09.11
专辑,专辑,7,2017.09.11
《库仑定律》,专辑,6,2017.09.11
《十二月》签名版 Q版,专辑,5,2017.09.11
《十二月》签名版 W版,专辑,4,2017.09.11
专辑,专辑,3,2017.09.11
《旋风》,专辑,2,2017.09.11
《The Road》,专辑,1,2017.09.11
《Reloaded 重启》,专辑,10,2017.09.18
《天生》,专辑,9,2017.09.18
《25》,专辑,8,2017.09.18
《有理想》,专辑,7,2017.09.18
《旋风》,专辑,6,2017.09.18
《The Road》,专辑,5,2017.09.18
专辑,专辑,4,2017.09.18
《15》珍藏版,专辑,3,2017.09.18
《十二月》签名版 W版,专辑,2,2017.09.18
《十二月》签名版 Q版,专辑,1,2017.09.18
《I.Feminism》,专辑,10,2017.09.25
《Reloaded 重启》,专辑,9,2017.09.25
《十二月》签名版 W版,专辑,8,2017.09.25
《乔任梁》,专辑,7,2017.09.25
《十二月》签名版 Q版,专辑,6,2017.09.25
专辑,专辑,5,2017.09.25
《旋风》,专辑,4,2017.09.25
《The Road》,专辑,3,2017.09.25
《15》珍藏版,专辑,2,2017.09.25
《请在哔声后留言》,专辑,1,2017.09.25
《Reloaded 重启》,专辑,10,2017.10.02
《I.Feminism》,专辑,9,2017.10.02
《日常》,专辑,8,2017.10.02
《目标（豪华版）》,专辑,7,2017.10.02
《25》,专辑,6,2017.10.02
专辑,专辑,5,2017.10.02
《Adore》,专辑,4,2017.10.02
《旋风》,专辑,3,2017.10.02
《十二月》签名版 W版,专辑,2,2017.10.02
《十二月》签名版 Q版,专辑,1,2017.10.02
2017全新个人专辑《SHEEP》,专辑,10,2017.10.09
《Reloaded 重启》,专辑,9,2017.10.09
《I.Feminism》,专辑,8,2017.10.09
《日常》,专辑,7,2017.10.09
《Black & Golden黑金》,专辑,6,2017.10.09
《乔任梁》,专辑,5,2017.10.09
《十二月》签名版 Q版,专辑,4,2017.10.09
《十二月》签名版 W版,专辑,3,2017.10.09
专辑,专辑,2,2017.10.09
《旋风》,专辑,1,2017.10.09
2017全新个人专辑《SHEEP》,专辑,10,2017.10.16
《Reloaded 重启》,专辑,9,2017.10.16
《I.Feminism》,专辑,8,2017.10.16
《Black & Golden黑金》,专辑,7,2017.10.16
《乔任梁》,专辑,6,2017.10.16
《十二月》签名版 Q版,专辑,5,2017.10.16
《十二月》签名版 W版,专辑,4,2017.10.16
专辑,专辑,3,2017.10.16
《旋风》,专辑,2,2017.10.16
《The Road》,专辑,1,2017.10.16
2017全新个人专辑《SHEEP》,专辑,10,2017.10.23
《I.Feminism》,专辑,9,2017.10.23
《Reloaded 重启》,专辑,8,2017.10.23
《25》,专辑,7,2017.10.23
《旋风》,专辑,6,2017.10.23
专辑,专辑,5,2017.10.23
《The Road》,专辑,4,2017.10.23
《十二月》签名版 W版,专辑,3,2017.10.23
《十二月》签名版 Q版,专辑,2,2017.10.23
《乔任梁》,专辑,1,2017.10.23
2017全新个人专辑《SHEEP》,专辑,10,2017.10.30
《Reloaded 重启》,专辑,9,2017.10.30
《Adore》,专辑,8,2017.10.30
《有理想》,专辑,7,2017.10.30
《日常》,专辑,6,2017.10.30
《旋风》,专辑,5,2017.10.30
《The Road》,专辑,4,2017.10.30
《十二月》签名版 W版,专辑,3,2017.10.30
《十二月》签名版 Q版,专辑,2,2017.10.30
《乔任梁》,专辑,1,2017.10.30
《Reloaded 重启》,专辑,10,2017.11.06
2017全新个人专辑《SHEEP》,专辑,9,2017.11.06
《NEW WORLD》,专辑,8,2017.11.06
《C’mon In~》,专辑,7,2017.11.06
《Adore》,专辑,6,2017.11.06
《乔任梁》,专辑,5,2017.11.06
《十二月》签名版 Q版,专辑,4,2017.11.06
《十二月》签名版 W版,专辑,3,2017.11.06
专辑,专辑,2,2017.11.06
《旋风》,专辑,1,2017.11.06
2017全新个人专辑《SHEEP》,专辑,10,2017.11.13
《Reloaded 重启》,专辑,9,2017.11.13
《C’mon In~》,专辑,8,2017.11.13
《Black & Golden黑金》,专辑,7,2017.11.13
《乔任梁》,专辑,6,2017.11.13
《十二月》签名版 Q版,专辑,5,2017.11.13
《十二月》签名版 W版,专辑,4,2017.11.13
专辑,专辑,3,2017.11.13
《旋风》,专辑,2,2017.11.13
《The Road》,专辑,1,2017.11.13
2017全新个人专辑《SHEEP》,专辑,10,2017.11.20
《Reloaded 重启》,专辑,9,2017.11.20
《C’mon In~》,专辑,8,2017.11.20
专辑,专辑,7,2017.11.20
《有理想》,专辑,6,2017.11.20
专辑,专辑,5,2017.11.20
《永远都在》,专辑,4,2017.11.20
《15》,专辑,3,2017.11.20
《目标（豪华版）》,专辑,2,2017.11.20
《日常》,专辑,1,2017.11.20
敖犬《TRANSFORM・变》,专辑,10,2017.11.27
2017全新个人专辑《SHEEP》,专辑,9,2017.11.27
专辑,专辑,8,2017.11.27
《Reloaded 重启》,专辑,7,2017.11.27
《C’mon In~》,专辑,6,2017.11.27
专辑,专辑,5,2017.11.27
《25》,专辑,4,2017.11.27
《新的心跳》,专辑,3,2017.11.27
《旋风》,专辑,2,2017.11.27
《十二月》签名版 W版,专辑,1,2017.11.27
《Reloaded 重启》,专辑,10,2017.12.04
2017全新个人专辑《SHEEP》,专辑,9,2017.12.04
敖犬《TRANSFORM・变》,专辑,8,2017.12.04
《新的心跳》,专辑,7,2017.12.04
《Adore》,专辑,6,2017.12.04
《目标（豪华版）》,专辑,5,2017.12.04
专辑,专辑,4,2017.12.04
《十二月》签名版 Q版,专辑,3,2017.12.04
专辑,专辑,2,2017.12.04
《乔任梁》,专辑,1,2017.12.04
2017全新个人专辑《SHEEP》,专辑,10,2017.12.11
《Reloaded 重启》,专辑,9,2017.12.11
《目标（豪华版）》,专辑,8,2017.12.11
《15》珍藏版,专辑,7,2017.12.11
敖犬《TRANSFORM・变》,专辑,6,2017.12.11
《15》,专辑,5,2017.12.11
《旋风》,专辑,4,2017.12.11
专辑,专辑,3,2017.12.11
《十二月》签名版 Q版,专辑,2,2017.12.11
《The Road》,专辑,1,2017.12.11
薛之谦《渡 The Crossing》,专辑,10,2017.12.18
2017全新个人专辑《SHEEP》,专辑,9,2017.12.18
《Reloaded 重启》,专辑,8,2017.12.18
专辑,专辑,7,2017.12.18
敖犬《TRANSFORM・变》,专辑,6,2017.12.18
周杰伦《魔天伦世界巡回演唱会 DVD+2CD》,专辑,5,2017.12.18
《Purpose 目标 （普通版）》,专辑,4,2017.12.18
《十二月》签名版 W版,专辑,3,2017.12.18
专辑,专辑,2,2017.12.18
《乔任梁》,专辑,1,2017.12.18
薛之谦《渡 The Crossing》,专辑,10,2017.12.25
2017全新个人专辑《SHEEP》,专辑,9,2017.12.25
专辑,专辑,8,2017.12.25
《Reloaded 重启》,专辑,7,2017.12.25
《Adore》,专辑,6,2017.12.25
《25》,专辑,5,2017.12.25
《永远都在》,专辑,4,2017.12.25
《日常》,专辑,3,2017.12.25
《Black & Golden黑金》,专辑,2,2017.12.25
《乔任梁》,专辑,1,2017.12.25
薛之谦《渡 The Crossing》,专辑,10,2018.01.01
2017全新个人专辑《SHEEP》,专辑,9,2018.01.01
专辑,专辑,8,2018.01.01
《Reloaded 重启》,专辑,7,2018.01.01
《Revival 复苏》,专辑,6,2018.01.01
专辑,专辑,5,2018.01.01
《永远都在》,专辑,4,2018.01.01
《日常》,专辑,3,2018.01.01
《Black & Golden黑金》,专辑,2,2018.01.01
《乔任梁》,专辑,1,2018.01.01
薛之谦《渡 The Crossing》,专辑,10,2018.01.08
2017全新个人专辑《SHEEP》,专辑,9,2018.01.08
专辑,专辑,8,2018.01.08
《Reloaded 重启》,专辑,7,2018.01.08
《日常》,专辑,6,2018.01.08
《旋风》,专辑,5,2018.01.08
《永远都在》,专辑,4,2018.01.08
《Black & Golden黑金》,专辑,3,2018.01.08
《乔任梁》,专辑,2,2018.01.08
《十二月》签名版 Q版,专辑,1,2018.01.08
薛之谦《渡 The Crossing》,专辑,10,2018.01.15
2017全新个人专辑《SHEEP》,专辑,9,2018.01.15
专辑,专辑,8,2018.01.15
《Adore》,专辑,7,2018.01.15
《Reloaded 重启》,专辑,6,2018.01.15
《十二月》签名版 W版,专辑,5,2018.01.15
周杰伦《魔天伦世界巡回演唱会 DVD+2CD》,专辑,4,2018.01.15
《十二月》“心意”珍藏版,专辑,3,2018.01.15
《十二月》签名版 Q版,专辑,2,2018.01.15
《乔任梁》,专辑,1,2018.01.15
薛之谦《渡 The Crossing》,专辑,10,2018.01.22
2017全新个人专辑《SHEEP》,专辑,9,2018.01.22
专辑,专辑,8,2018.01.22
《Adore》,专辑,7,2018.01.22
《Reloaded 重启》,专辑,6,2018.01.22
《十二月》“心意”珍藏版,专辑,5,2018.01.22
专辑,专辑,4,2018.01.22
《十二月》签名版 W版,专辑,3,2018.01.22
《十二月》签名版 Q版,专辑,2,2018.01.22
《乔任梁》,专辑,1,2018.01.22
薛之谦《渡 The Crossing》,专辑,10,2018.01.29
2017全新个人专辑《SHEEP》,专辑,9,2018.01.29
专辑,专辑,8,2018.01.29
《新的心跳》,专辑,7,2018.01.29
《Reloaded 重启》,专辑,6,2018.01.29
《Purpose 目标 （普通版）》,专辑,5,2018.01.29
专辑,专辑,4,2018.01.29
《十二月》“心意”珍藏版,专辑,3,2018.01.29
《十二月》签名版 W版,专辑,2,2018.01.29
《十二月》签名版 Q版,专辑,1,2018.01.29
薛之谦《渡 The Crossing》,专辑,10,2018.02.05
2017全新个人专辑《SHEEP》,专辑,9,2018.02.05
《Reloaded 重启》,专辑,8,2018.02.05
TFBOYS《我们的时光》,专辑,7,2018.02.05
《卅兮卅/$axi$a》,专辑,6,2018.02.05
《Adore》,专辑,5,2018.02.05
《初学者》,专辑,4,2018.02.05
《请在哔声后留言》,专辑,3,2018.02.05
《15》珍藏版,专辑,2,2018.02.05
《The Road》,专辑,1,2018.02.05
《Reloaded 重启》,专辑,10,2018.02.12
《新的心跳》,专辑,9,2018.02.12
《库仑定律》,专辑,8,2018.02.12
《NEW WORLD》,专辑,7,2018.02.12
《克罗地亚狂想曲2016》,专辑,6,2018.02.12
《有理想》,专辑,5,2018.02.12
《Made In The A.M. 青春创世纪》内地引进版 豪华版,专辑,4,2018.02.12
《目标（豪华版）》,专辑,3,2018.02.12
《狂野之美》,专辑,2,2018.02.12
《光冻》,专辑,1,2018.02.12
《Reloaded 重启》,专辑,10,2018.02.19
《15》珍藏版,专辑,9,2018.02.19
《C’mon In~》,专辑,8,2018.02.19
《Purpose 目标 （普通版）》,专辑,7,2018.02.19
《25》,专辑,6,2018.02.19
《Adore》,专辑,5,2018.02.19
《克罗地亚狂想曲2016》,专辑,4,2018.02.19
专辑,专辑,3,2018.02.19
《十二月》“心意”珍藏版,专辑,2,2018.02.19
《十二月》签名版 W版,专辑,1,2018.02.19
《Reloaded 重启》,专辑,10,2018.02.26
《Made In The A.M. 青春创世纪》内地引进版 豪华版,专辑,9,2018.02.26
《15》,专辑,8,2018.02.26
《25》,专辑,7,2018.02.26
《克罗地亚狂想曲2016》,专辑,6,2018.02.26
《Blue Neighbourhood 蓝色街区（豪华版）》,专辑,5,2018.02.26
《Purpose 目标 （普通版）》,专辑,4,2018.02.26
《Revival 复苏》,专辑,3,2018.02.26
《NEW WORLD》,专辑,2,2018.02.26
《库仑定律》,专辑,1,2018.02.26
薛之谦《渡 The Crossing》,专辑,10,2018.03.05
阿兰-《十念》,专辑,9,2018.03.05
《Reloaded 重启》,专辑,8,2018.03.05
2017全新个人专辑《SHEEP》,专辑,7,2018.03.05
专辑,专辑,6,2018.03.05
《新的心跳》,专辑,5,2018.03.05
TFBOYS《我们的时光》,专辑,4,2018.03.05
《15》,专辑,3,2018.03.05
专辑,专辑,2,2018.03.05
《最爱与珍藏》,专辑,1,2018.03.05
《Reloaded 重启》,专辑,10,2018.03.12
《新的心跳》,专辑,9,2018.03.12
《库仑定律》,专辑,8,2018.03.12
《NEW WORLD》,专辑,7,2018.03.12
《Made In The A.M. 青春创世纪》内地引进版 豪华版,专辑,6,2018.03.12
《目标（豪华版）》,专辑,5,2018.03.12
《狂野之美》,专辑,4,2018.03.12
《光冻》,专辑,3,2018.03.12
《25》,专辑,2,2018.03.12
《真人秀?》,专辑,1,2018.03.12
薛之谦《渡 The Crossing》,专辑,10,2018.03.19
《Reloaded 重启》,专辑,9,2018.03.19
专辑,专辑,8,2018.03.19
2017全新个人专辑《SHEEP》,专辑,7,2018.03.19
TFBOYS《我们的时光》,专辑,6,2018.03.19
《日常》,专辑,5,2018.03.19
《Revival 复苏》,专辑,4,2018.03.19
《新的心跳》,专辑,3,2018.03.19
《克罗地亚狂想曲2016》,专辑,2,2018.03.19
专辑,专辑,1,2018.03.19
《Reloaded 重启》,专辑,10,2018.03.26
《新的心跳》,专辑,9,2018.03.26
《克罗地亚狂想曲2016》,专辑,8,2018.03.26
《Blue Neighbourhood 蓝色街区（豪华版）》,专辑,7,2018.03.26
《Purpose 目标 （普通版）》,专辑,6,2018.03.26
《Revival 复苏》,专辑,5,2018.03.26
《相遇的后续》,专辑,4,2018.03.26
《NEW WORLD》,专辑,3,2018.03.26
《库仑定律》,专辑,2,2018.03.26
《有理想》,专辑,1,2018.03.26
薛之谦《渡 The Crossing》,专辑,10,2018.04.02
《Reloaded 重启》,专辑,9,2018.04.02
《初学者》,专辑,8,2018.04.02
2017全新个人专辑《SHEEP》,专辑,7,2018.04.02
专辑,专辑,6,2018.04.02
专辑,专辑,5,2018.04.02
阿兰-《十念》,专辑,4,2018.04.02
专辑,专辑,3,2018.04.02
专辑,专辑,2,2018.04.02
《永远都在》,专辑,1,2018.04.02
《Reloaded 重启》,专辑,10,2018.04.09
《新的心跳》,专辑,9,2018.04.09
《库仑定律》,专辑,8,2018.04.09
《NEW WORLD》,专辑,7,2018.04.09
《有理想》,专辑,6,2018.04.09
《Made In The A.M. 青春创世纪》内地引进版 豪华版,专辑,5,2018.04.09
《目标（豪华版）》,专辑,4,2018.04.09
《狂野之美》,专辑,3,2018.04.09
《光冻》,专辑,2,2018.04.09
《25》,专辑,1,2018.04.09
《Reloaded 重启》,专辑,10,2018.04.16
《新的心跳》,专辑,9,2018.04.16
《有理想》,专辑,8,2018.04.16
《克罗地亚狂想曲2016》,专辑,7,2018.04.16
《Blue Neighbourhood 蓝色街区（豪华版）》,专辑,6,2018.04.16
《Purpose 目标 （普通版）》,专辑,5,2018.04.16
《Revival 复苏》,专辑,4,2018.04.16
《NEW WORLD》,专辑,3,2018.04.16
《库仑定律》,专辑,2,2018.04.16
《Made In The A.M. 青春创世纪》内地引进版 豪华版,专辑,1,2018.04.16
薛之谦《渡 The Crossing》,专辑,10,2018.04.23
《Reloaded 重启》,专辑,9,2018.04.23
2017全新个人专辑《SHEEP》,专辑,8,2018.04.23
TFBOYS《我们的时光》,专辑,7,2018.04.23
专辑,专辑,6,2018.04.23
阿兰-《十念》,专辑,5,2018.04.23
《C’mon In~》,专辑,4,2018.04.23
敖犬《TRANSFORM・变》,专辑,3,2018.04.23
《新的心跳》,专辑,2,2018.04.23
专辑,专辑,1,2018.04.23
《Reloaded 重启》,专辑,10,2018.04.30
《新的心跳》,专辑,9,2018.04.30
《库仑定律》,专辑,8,2018.04.30
《NEW WORLD》,专辑,7,2018.04.30
《25》,专辑,6,2018.04.30
《真人秀?》,专辑,5,2018.04.30
《15》,专辑,4,2018.04.30
《河流》,专辑,3,2018.04.30
《我要你好好的》,专辑,2,2018.04.30
《C’mon In~》,专辑,1,2018.04.30
《Reloaded 重启》,专辑,10,2018.05.07
《新的心跳》,专辑,9,2018.05.07
《克罗地亚狂想曲2016》,专辑,8,2018.05.07
《Blue Neighbourhood 蓝色街区（豪华版）》,专辑,7,2018.05.07
《Purpose 目标 （普通版）》,专辑,6,2018.05.07
《Revival 复苏》,专辑,5,2018.05.07
《相遇的后续》,专辑,4,2018.05.07
《NEW WORLD》,专辑,3,2018.05.07
《库仑定律》,专辑,2,2018.05.07
《有理想》,专辑,1,2018.05.07
《Animal》,专辑,10,2018.05.14
《Reloaded 重启》,专辑,9,2018.05.14
《新的心跳》,专辑,8,2018.05.14
《超乎想象》,专辑,7,2018.05.14
《Adore》,专辑,6,2018.05.14
《Revival 复苏》,专辑,5,2018.05.14
《相遇的后续》,专辑,4,2018.05.14
周杰伦《魔天伦世界巡回演唱会 DVD+2CD》,专辑,3,2018.05.14
专辑,专辑,2,2018.05.14
《卅兮卅/$axi$a》,专辑,1,2018.05.14
《Animal》,专辑,10,2018.05.21
《Reloaded 重启》,专辑,9,2018.05.21
《新的心跳》,专辑,8,2018.05.21
《克罗地亚狂想曲2016》,专辑,7,2018.05.21
《Blue Neighbourhood 蓝色街区（豪华版）》,专辑,6,2018.05.21
《Purpose 目标 （普通版）》,专辑,5,2018.05.21
《Revival 复苏》,专辑,4,2018.05.21
《NEW WORLD》,专辑,3,2018.05.21
《库仑定律》,专辑,2,2018.05.21
《C’mon In~》,专辑,1,2018.05.21
《人间精品》,专辑,10,2018.05.28
薛之谦《渡 The Crossing》,专辑,9,2018.05.28
《初学者》,专辑,8,2018.05.28
TFBOYS《我们的时光》,专辑,7,2018.05.28
《Animal》,专辑,6,2018.05.28
《请在哔声后留言》,专辑,5,2018.05.28
白雪《永恒的军礼》,专辑,4,2018.05.28
《Reloaded 重启》,专辑,3,2018.05.28
《Black & Golden黑金》,专辑,2,2018.05.28
《十二月》签名版 Q版,专辑,1,2018.05.28
《人间精品》,专辑,10,2018.06.04
《初学者》,专辑,9,2018.06.04
《Reloaded 重启》,专辑,8,2018.06.04
《Purpose 目标 （普通版）》,专辑,7,2018.06.04
《Animal》,专辑,6,2018.06.04
专辑,专辑,5,2018.06.04
《25》,专辑,4,2018.06.04
《Black & Golden黑金》,专辑,3,2018.06.04
《乔任梁》,专辑,2,2018.06.04
《十二月》签名版 Q版,专辑,1,2018.06.04
《人间精品》,专辑,10,2018.06.11
《Purpose 目标 （普通版）》,专辑,9,2018.06.11
《Animal》,专辑,8,2018.06.11
《Reloaded 重启》,专辑,7,2018.06.11
《Revival 复苏》,专辑,6,2018.06.11
《超乎想象》,专辑,5,2018.06.11
《相遇的后续》,专辑,4,2018.06.11
《NEW WORLD》,专辑,3,2018.06.11
《库仑定律》,专辑,2,2018.06.11
《C’mon In~》,专辑,1,2018.06.11
《人间精品》,专辑,10,2018.06.18
《Reloaded 重启》,专辑,9,2018.06.18
《Animal》,专辑,8,2018.06.18
《克罗地亚狂想曲2016》,专辑,7,2018.06.18
《Blue Neighbourhood 蓝色街区（豪华版）》,专辑,6,2018.06.18
《NEW WORLD》,专辑,5,2018.06.18
《库仑定律》,专辑,4,2018.06.18
《C’mon In~》,专辑,3,2018.06.18
《宝贝》,专辑,2,2018.06.18
《有理想》,专辑,1,2018.06.18
《人间精品》,专辑,10,2018.06.25
《Reloaded 重启》,专辑,9,2018.06.25
《宝贝》,专辑,8,2018.06.25
《Animal》,专辑,7,2018.06.25
《C’mon In~》,专辑,6,2018.06.25
《库仑定律》,专辑,5,2018.06.25
《NEW WORLD》,专辑,4,2018.06.25
《Made In The A.M. 青春创世纪》内地引进版 豪华版,专辑,3,2018.06.25
《目标（豪华版）》,专辑,2,2018.06.25
《狂野之美》,专辑,1,2018.06.25
《人间精品》,专辑,10,2018.07.02
《Reloaded 重启》,专辑,9,2018.07.02
《光冻》,专辑,8,2018.07.02
《Purpose 目标 （普通版）》,专辑,7,2018.07.02
《Revival 复苏》,专辑,6,2018.07.02
《相遇的后续》,专辑,5,2018.07.02
《NEW WORLD》,专辑,4,2018.07.02
《库仑定律》,专辑,3,2018.07.02
《C’mon In~》,专辑,2,2018.07.02
《Animal》,专辑,1,2018.07.02
薛之谦《渡 The Crossing》,专辑,10,2018.07.09
《人间精品》,专辑,9,2018.07.09
《初学者》,专辑,8,2018.07.09
《意外》,专辑,7,2018.07.09
《Reloaded 重启》,专辑,6,2018.07.09
TFBOYS《我们的时光》,专辑,5,2018.07.09
阿兰-《十念》,专辑,4,2018.07.09
《「00：00」》,专辑,3,2018.07.09
《源头》,专辑,2,2018.07.09
《最爱与珍藏》,专辑,1,2018.07.09
薛之谦《渡 The Crossing》,专辑,10,2018.07.16
《人间精品》,专辑,9,2018.07.16
《意外》,专辑,8,2018.07.16
《初学者》,专辑,7,2018.07.16
《Reloaded 重启》,专辑,6,2018.07.16
《新的心跳》,专辑,5,2018.07.16
专辑,专辑,4,2018.07.16
《Animal》,专辑,3,2018.07.16
《NEW WORLD》,专辑,2,2018.07.16
《「00：00」》,专辑,1,2018.07.16
《人间精品》,专辑,10,2018.07.23
《Animal》,专辑,9,2018.07.23
《Reloaded 重启》,专辑,8,2018.07.23
《25》,专辑,7,2018.07.23
《C’mon In~》,专辑,6,2018.07.23
《库仑定律》,专辑,5,2018.07.23
《宝贝》,专辑,4,2018.07.23
《NEW WORLD》,专辑,3,2018.07.23
《Revival 复苏》,专辑,2,2018.07.23
《Purpose 目标 （普通版）》,专辑,1,2018.07.23
《人间精品》,专辑,10,2018.07.30
薛之谦《渡 The Crossing》,专辑,9,2018.07.30
《意外》,专辑,8,2018.07.30
《初学者》,专辑,7,2018.07.30
《Reloaded 重启》,专辑,6,2018.07.30
《Adore》,专辑,5,2018.07.30
《Animal》,专辑,4,2018.07.30
《库仑定律》,专辑,3,2018.07.30
《NEW WORLD》,专辑,2,2018.07.30
《「00：00」》,专辑,1,2018.07.30
《人间精品》,专辑,10,2018.08.06
《NEW WORLD》,专辑,9,2018.08.06
《库仑定律》,专辑,8,2018.08.06
《C’mon In~》,专辑,7,2018.08.06
《Animal》,专辑,6,2018.08.06
《宝贝》,专辑,5,2018.08.06
娄艺潇《LOURA》豪华精装版,专辑,4,2018.08.06
《人间精品》,专辑,10,2018.08.13
娄艺潇《LOURA》豪华精装版,专辑,9,2018.08.13
《Reloaded 重启》,专辑,8,2018.08.13
《光冻》,专辑,7,2018.08.13
《Purpose 目标 （普通版）》,专辑,6,2018.08.13
《Revival 复苏》,专辑,5,2018.08.13
《NEW WORLD》,专辑,4,2018.08.13
《库仑定律》,专辑,3,2018.08.13
《C’mon In~》,专辑,2,2018.08.13
《Animal》,专辑,1,2018.08.13
大张伟《人间精品》（LP黑胶大碟）,专辑,10,2018.08.20
《人间精品》,专辑,9,2018.08.20
《Reloaded 重启》,专辑,8,2018.08.20
《C’mon In~》,专辑,7,2018.08.20
《宝贝》,专辑,6,2018.08.20
《Animal》,专辑,5,2018.08.20
娄艺潇《LOURA》豪华精装版,专辑,4,2018.08.20
《库仑定律》,专辑,3,2018.08.20
《NEW WORLD》,专辑,2,2018.08.20
《相遇的后续》,专辑,1,2018.08.20
薛之谦《渡 The Crossing》,专辑,10,2018.08.27
《意外》,专辑,9,2018.08.27
《初学者》,专辑,8,2018.08.27
《人间精品》,专辑,7,2018.08.27
《Reloaded 重启》,专辑,6,2018.08.27
《新的心跳》,专辑,5,2018.08.27
《C’mon In~》,专辑,4,2018.08.27
《Animal》,专辑,3,2018.08.27
大张伟《人间精品》（LP黑胶大碟）,专辑,2,2018.08.27
《源头》,专辑,1,2018.08.27
《人间精品》,专辑,10,2018.09.03
《Reloaded 重启》,专辑,9,2018.09.03
《新的心跳》,专辑,8,2018.09.03
《Purpose 目标 （普通版）》,专辑,7,2018.09.03
《Revival 复苏》,专辑,6,2018.09.03
《NEW WORLD》,专辑,5,2018.09.03
《库仑定律》,专辑,4,2018.09.03
《C’mon In~》,专辑,3,2018.09.03
《Animal》,专辑,2,2018.09.03
《宝贝》,专辑,1,2018.09.03
