name,type,value,date
MY EYE AH,Be-ppin,87.8,2011/11/7
LOVE SONG,Funky Monkey Babys,64.9,2011/11/7
スパイス,Perfume,62.3,2011/11/7
たとえ どんなに... 完整版,西野加奈,60.8,2011/11/7
迷宫ラブソング 完整版,岚,59.7,2011/11/7
Your Best Friend 完整版,仓木麻衣,58.4,2011/11/7
GLITTER,Perfume,49.8,2011/11/7
YOU,后藤真希,46.5,2011/11/7
Charge & Go!,AAA,46.5,2011/11/7
风は吹いている,AKB48,46,2011/11/7
ステキな日曜日~Gyu Gyuグッデイ~,芦田爱菜,46,2011/11/7
世界上唯一的花 官方版,SMAP,44.4,2011/11/7
Green a.live,YUI,43.9,2011/11/7
Heartful Voice,泷&翼,41.8,2011/11/7
X X X,彩虹乐队,41.5,2011/11/7
六等星の夜,Aimer,40.5,2011/11/7
恋文~ラブレタ`~ 完整版,GReeeeN,40.1,2011/11/7
Hello~Paradise Kiss~,YUI,39.9,2011/11/7
フライングゲット,AKB48,38.4,2011/11/7
BAD GIRL!! feat. SKY-HI (AAA),BRIGHT,37.6,2011/11/7
MY EYE AH,Be-ppin,90.11,2011/11/14
うたをうたおう,moumoon,81.81,2011/11/14
LOVE SONG,Funky Monkey Babys,77.06,2011/11/14
Fight For The Eight,vジャニ∞,76.95,2011/11/14
たとえ どんなに... 完整版,西野加奈,74.35,2011/11/14
Test Drive,赤西仁 Jason Derulo,70.76,2011/11/14
Your Best Friend 完整版,仓木麻衣,66.75,2011/11/14
@色舞うころ,清木场俊介,66.53,2011/11/14
Switch On!,土屋安娜,65.32,2011/11/14
スパイス,Perfume,65.07,2011/11/14
Ooo Baby,EXILE ATSUSHI,59.78,2011/11/14
迷宫ラブソング 完整版,岚,55.48,2011/11/14
ステキな日曜日~Gyu Gyuグッデイ~,芦田爱菜,55.16,2011/11/14
Graffiti 完整版,GACKT,54.53,2011/11/14
世界上唯一的花 官方版,SMAP,54.19,2011/11/14
荒野より,中岛美雪,54.1,2011/11/14
iいていこう,いきものがかり,52.42,2011/11/14
风は吹いている (DANCE! DANCE! DANCE! Ver.),AKB48,52.26,2011/11/14
モンじゃい.ビ`ト,vジャニ∞,52.11,2011/11/14
Green a.live,YUI,51.68,2011/11/14
Love Story,安室奈美惠,92.12,2011/11/21
みんなのハッピ`バ`スデイ,芦田爱菜,89.23,2011/11/21
MY EYE AH,Be-ppin,82.69,2011/11/21
月夜の肖像,栗山千明,64.97,2011/11/21
うたをうたおう,moumoon,62.68,2011/11/21
Present 完整版,flumpool,62.03,2011/11/21
Woman's Worth,黑木明纱,59.91,2011/11/21
みずいろの影,JUJU,59.31,2011/11/21
JUDY,GARNET CROW,58.42,2011/11/21
たとえ どんなに... 完整版,西野加奈,56.67,2011/11/21
虹の雪,Alice Nine,56.63,2011/11/21
Test Drive,赤西仁 Jason Derulo,56.11,2011/11/21
Fight For The Eight,vジャニ∞,53.86,2011/11/21
Switch On!,土屋安娜,53.51,2011/11/21
Your Best Friend 完整版,仓木麻衣,53.27,2011/11/21
LOVE SONG,Funky Monkey Babys,50.94,2011/11/21
マル.マル.モリ.モリ!,薰と友树、たまにムック。,48.55,2011/11/21
スパイス,Perfume,47.66,2011/11/21
@色舞うころ,清木场俊介,46.52,2011/11/21
モンじゃい.ビ`ト,vジャニ∞,45.13,2011/11/21
Love Story,安室奈美惠,87.45,2011/11/28
Love Me Back 完整版,田来未,86.49,2011/11/28
レ`ザ`ビ`ム 完整版,Perfume,81.85,2011/11/28
This Is My Life 完整版,EXILE,78.55,2011/11/28
ノエルの夜,AKB48,77.92,2011/11/28
MY EYE AH,Be-ppin,73.83,2011/11/28
恋スルキモチ 完整版,武井D,69.38,2011/11/28
STAR RIDER,KAT-TUN,68.72,2011/11/28
みんなのハッピ`バ`スデイ,芦田爱菜,68.37,2011/11/28
Landscape 完整版,Every Little Thing,64.44,2011/11/28
Dreaming Girls,Dream(日本),62.32,2011/11/28
ROMAN,加藤ミリヤ,60.29,2011/11/28
Dual Wing,神谷浩史,59.44,2011/11/28
We Never Give Up!,Kis-My-Ft2,55.47,2011/11/28
Test Drive,赤西仁 Jason Derulo,53.57,2011/11/28
Your Best Friend 完整版,仓木麻衣,52.22,2011/11/28
たとえ どんなに... 完整版,西野加奈,51.19,2011/11/28
月夜の肖像,栗山千明,49.87,2011/11/28
Woman's Worth,黑木明纱,46.84,2011/11/28
LOVE SONG,Funky Monkey Babys,42.72,2011/11/28
ノエルの夜,AKB48,92.7,2011/12/5
Love Me Back 完整版,田来未,80.29,2011/12/5
Love Story,安室奈美惠,75.75,2011/12/5
Sweet Jewel,Fairies,72.6,2011/12/5
Breeze Out,黑木明纱,68.26,2011/12/5
チクタク 2NITE,9nine,67.02,2011/12/5
This Is My Life 完整版,EXILE,65.86,2011/12/5
MY EYE AH,Be-ppin,65.31,2011/12/5
恋スルキモチ 完整版,武井D,64.15,2011/12/5
Test Drive,赤西仁 Jason Derulo,63.91,2011/12/5
レ`ザ`ビ`ム 完整版,Perfume,56.45,2011/12/5
O人は伤つかない,AKB48,55.52,2011/12/5
ホロスコ`プ,中川翔子,54.7,2011/12/5
たとえ どんなに... 完整版,西野加奈,53.49,2011/12/5
Your Best Friend 完整版,仓木麻衣,53.39,2011/12/5
ゼロサム太阳,AKB48,52.18,2011/12/5
Landscape 完整版,Every Little Thing,51.42,2011/12/5
マル.マル.モリ.モリ!,薰と友树、たまにムック。,48.12,2011/12/5
みんなのハッピ`バ`スデイ,芦田爱菜,47.72,2011/12/5
Dreaming Girls,Dream(日本),41.03,2011/12/5
Seasons,赤西仁,92.78,2011/12/12
冬のベンチ,シド(SID),78.89,2011/12/12
ペディキュアday,No3b,75.34,2011/12/12
冬が终わる前に,清水翔太,69.94,2011/12/12
初恋サイダ`,Buono!,69.19,2011/12/12
Love Story,安室奈美惠,68.98,2011/12/12
ノエルの夜,AKB48,65.92,2011/12/12
Test Drive,赤西仁 Jason Derulo,63.57,2011/12/12
ドキドキベイビ`,真野惠里菜,61.27,2011/12/12
Love Me Back 完整版,田来未,57.75,2011/12/12
MY EYE AH,Be-ppin,56.87,2011/12/12
チクタク 2NITE,9nine,51.97,2011/12/12
Sweet Jewel,Fairies,51.54,2011/12/12
マル.マル.モリ.モリ!,薰と友树、たまにムック。,51.31,2011/12/12
卒业,高桥优,50.43,2011/12/12
たとえ どんなに... 完整版,西野加奈,49.09,2011/12/12
Your Best Friend 完整版,仓木麻衣,48.51,2011/12/12
恋スルキモチ 完整版,武井D,45.25,2011/12/12
みんなのハッピ`バ`スデイ,芦田爱菜,44.85,2011/12/12
LOVE SONG,Funky Monkey Babys,41.45,2011/12/12
我愿意,EXILE ATSUSHI,100,2011/12/19
Seasons,赤西仁,77.37,2011/12/19
ALL MY LOVE,YELLOW FRIED CHICKENz,68.57,2011/12/19
メッセ`ジ,植村花菜,67.25,2011/12/19
冬のベンチ,シド(SID),65.93,2011/12/19
初恋サイダ`,Buono!,62.82,2011/12/19
Test Drive,赤西仁 Jason Derulo,62.61,2011/12/19
Love Story,安室奈美惠,60.95,2011/12/19
ペディキュアday,No3b,60.4,2011/12/19
ドキドキベイビ`,真野惠里菜,53.16,2011/12/19
MY EYE AH,Be-ppin,49.11,2011/12/19
This Is My Life 完整版,EXILE,49.06,2011/12/19
冬が终わる前に,清水翔太,48.85,2011/12/19
ノエルの夜,AKB48,48.24,2011/12/19
Your Best Friend 完整版,仓木麻衣,46.33,2011/12/19
たとえ どんなに... 完整版,西野加奈,46.06,2011/12/19
Love Me Back 完整版,田来未,44.96,2011/12/19
相信爱,中孝介 林育t,41.04,2011/12/19
Sweet Jewel,Fairies,40.55,2011/12/19
チクタク 2NITE,9nine,39.77,2011/12/19
我愿意,EXILE ATSUSHI,92.84,2011/12/26
Seasons,赤西仁,75.34,2011/12/26
冬のベンチ,シド(SID),70.01,2011/12/26
Love Story,安室奈美惠,68.64,2011/12/26
ALL MY LOVE,YELLOW FRIED CHICKENz,62.89,2011/12/26
ドキドキベイビ`,真野惠里菜,62.54,2011/12/26
たとえ どんなに... 完整版,西野加奈,60.29,2011/12/26
MY EYE AH,Be-ppin,56.75,2011/12/26
Test Drive,赤西仁 Jason Derulo,54.73,2011/12/26
ペディキュアday,No3b,54.52,2011/12/26
Your Best Friend 完整版,仓木麻衣,53.8,2011/12/26
ノエルの夜,AKB48,53.65,2011/12/26
初恋サイダ`,Buono!,52.56,2011/12/26
This Is My Life 完整版,EXILE,50.27,2011/12/26
Love Me Back 完整版,田来未,46.33,2011/12/26
Sweet Jewel,Fairies,44.74,2011/12/26
メッセ`ジ,植村花菜,42.37,2011/12/26
レ`ザ`ビ`ム 完整版,Perfume,41.81,2011/12/26
"Everyday,カチュ`シャ",AKB48,40.48,2011/12/26
CHASE,彩虹乐队,39.78,2011/12/26
ワンダフル キュ`ピット 完整版,NYC,93.27,2012/1/2
はじまりのとき,绚香,89.18,2012/1/2
我愿意,EXILE ATSUSHI,88.73,2012/1/2
今夜はからXぎ,东京事变,83.63,2012/1/2
いつだってWらは,いきものがかり,74.8,2012/1/2
Seasons,赤西仁,68.7,2012/1/2
Love Story,安室奈美惠,65.68,2012/1/2
冬のベンチ,シド(SID),60.9,2012/1/2
マル.マル.モリ.モリ!,薰と友树、たまにムック。,59.99,2012/1/2
Love Me Back 完整版,田来未,59.26,2012/1/2
Your Best Friend 完整版,仓木麻衣,59.25,2012/1/2
CHASE,彩虹乐队,58.19,2012/1/2
たとえ どんなに... 完整版,西野加奈,56.72,2012/1/2
ノエルの夜,AKB48,56.64,2012/1/2
MY EYE AH,Be-ppin,56.57,2012/1/2
This Is My Life 完整版,EXILE,50.92,2012/1/2
ALL MY LOVE,YELLOW FRIED CHICKENz,47.48,2012/1/2
ドキドキベイビ`,真野惠里菜,46.3,2012/1/2
Test Drive,赤西仁 Jason Derulo,46.17,2012/1/2
トモダチ/コイビト,moumoon,82.82,2012/1/9
Sign,JUJU,81.05,2012/1/9
我愿意,EXILE ATSUSHI,78.72,2012/1/9
浃铯盲郡たちの石,KinKi Kids,77.02,2012/1/9
ワンダフル キュ`ピット 完整版,NYC,73.14,2012/1/9
永远 feat.Tarantula from Spontania,CHIHIRO,72.69,2012/1/9
はじまりのとき,绚香,64.89,2012/1/9
今夜はからXぎ,东京事变,62.29,2012/1/9
MY EYE AH,Be-ppin,61.61,2012/1/9
ピョコピョコ ウルトラ 完整版,早安少女组,60.44,2012/1/9
Seasons,赤西仁,57,2012/1/9
ずるいよ... 完整版,Milky Bunny,56.75,2012/1/9
Love Story,安室奈美惠,55.08,2012/1/9
いつだってWらは,いきものがかり,53.03,2012/1/9
たとえ どんなに... 完整版,西野加奈,52.41,2012/1/9
ノエルの夜,AKB48,51.38,2012/1/9
Your Best Friend 完整版,仓木麻衣,50.5,2012/1/9
Love Me Back 完整版,田来未,48.69,2012/1/9
冬のベンチ,シド(SID),48.02,2012/1/9
永远,BENI,88.68,2012/1/16
片想いFinally 完整版,SKE48,85.93,2012/1/16
トモダチ/コイビト,moumoon,84.31,2012/1/16
Boom Boom Boys,田来未,76.96,2012/1/16
片想い,miwa,74.77,2012/1/16
纯情U-19 完整版,NMB48,70.69,2012/1/16
少女トラベラ`,9nine,70.46,2012/1/16
我愿意,EXILE ATSUSHI,64.51,2012/1/16
Sign,JUJU,62.43,2012/1/16
冬のベンチ,シド(SID),61.99,2012/1/16
ワンダフル キュ`ピット 完整版,NYC,61.94,2012/1/16
今夜はからXぎ,东京事变,60.44,2012/1/16
いつだってWらは,いきものがかり,59.95,2012/1/16
Your Best Friend 完整版,仓木麻衣,57.67,2012/1/16
Love Story,安室奈美惠,56.73,2012/1/16
So Nice feat. Mr.Blistah,田来未,54.75,2012/1/16
Miss Mystery,BREAKERZ,54.6,2012/1/16
永远 feat.Tarantula from Spontania,CHIHIRO,52.66,2012/1/16
浃铯盲郡たちの石,KinKi Kids,52.52,2012/1/16
Sun Burns Down,赤西仁,96.11,2012/1/23
GIVE ME FIVE!,AKB48,94,2012/1/23
片想いFinally 完整版,SKE48,90.53,2012/1/23
Boom Boom Boys,田来未,74.02,2012/1/23
永远,BENI,73.31,2012/1/23
片想い,miwa,66.2,2012/1/23
So Nice feat. Mr.Blistah,田来未,65.92,2012/1/23
トモダチ/コイビト,moumoon,64.63,2012/1/23
ずるいよ... 完整版,Milky Bunny,62.18,2012/1/23
冬のベンチ,シド(SID),57.16,2012/1/23
我愿意,EXILE ATSUSHI,53.76,2012/1/23
Sign,JUJU,52.67,2012/1/23
Love Story,安室奈美惠,50.31,2012/1/23
すべてへ,Alice Nine,47.48,2012/1/23
Love Me Back 完整版,田来未,47.14,2012/1/23
世界上唯一的花 官方版,SMAP,47.05,2012/1/23
纯情U-19 完整版,NMB48,46.01,2012/1/23
Miss Mystery,BREAKERZ,45.91,2012/1/23
Seasons,赤西仁,45.65,2012/1/23
FLY HIGH,w-inds.,94.47,2012/1/30
シンクロときめき 完整版,渡边麻友,80.57,2012/1/30
GIVE ME FIVE!,AKB48,78.03,2012/1/30
Sun Burns Down,赤西仁,77.4,2012/1/30
SAILING 完整版,AAA,74.82,2012/1/30
君さえいれば feat.小田和正,清水翔太 小田和正,73.87,2012/1/30
雪の降る街,Aimer,71.62,2012/1/30
ぐるぐるカ`テン,乃木坂46,70.74,2012/1/30
片想いFinally 完整版,SKE48,66.78,2012/1/30
Za ABC~5stars~,A.B.C-Z,59.1,2012/1/30
"Miss Universe feat. SU,ILMARI, \木メイサ",STUDIO APARTMENT,58.09,2012/1/30
故乡,岛谷瞳,55.26,2012/1/30
我愿意,EXILE ATSUSHI,54.62,2012/1/30
永远,BENI,53.15,2012/1/30
片想い,miwa,51.61,2012/1/30
Boom Boom Boys,田来未,51.12,2012/1/30
トモダチ/コイビト,moumoon,48.54,2012/1/30
So Nice feat. Mr.Blistah,田来未,48.52,2012/1/30
Love Me Back 完整版,田来未,46.52,2012/1/30
FLY HIGH,w-inds.,89.56,2012/2/6
HARUKAZE,SCANDAL,85.19,2012/2/6
NOT A LOVE SONG,平原绫香,80.9,2012/2/6
GIVE ME FIVE!,AKB48,77.83,2012/2/6
会いたかったかもしれない,乃木坂46,70.04,2012/2/6
この世界に生まれたわけ,Funky Monkey Babys,69.21,2012/2/6
Sun Burns Down,赤西仁,63.61,2012/2/6
シンクロときめき 完整版,渡边麻友,62.2,2012/2/6
雪の降る街,Aimer,58.33,2012/2/6
君さえいれば feat.小田和正,清水翔太 小田和正,57.59,2012/2/6
片想いFinally 完整版,SKE48,57.2,2012/2/6
SAILING 完整版,AAA,56.13,2012/2/6
KISS KISS BANG BANG,いきものがかり,55.96,2012/2/6
我愿意,EXILE ATSUSHI,55.92,2012/2/6
片想い,miwa,48.84,2012/2/6
So Nice feat. Mr.Blistah,田来未,45.51,2012/2/6
Love Story,安室奈美惠,45.1,2012/2/6
Your Best Friend 完整版,仓木麻衣,44.43,2012/2/6
ぐるぐるカ`テン,乃木坂46,42.4,2012/2/6
UNTIL THE LAST DAY,GACKT,91.2,2012/2/13
FLY HIGH,w-inds.,88.77,2012/2/13
樱,熊木杏里,87.98,2012/2/13
スイ`ト&ビタ`,AKB48,79.29,2012/2/13
BabyBaby,游助,73.97,2012/2/13
HARUKAZE,SCANDAL,70.68,2012/2/13
GIVE ME FIVE!,AKB48,65.97,2012/2/13
我愿意,EXILE ATSUSHI,62.48,2012/2/13
NOT A LOVE SONG,平原绫香,55.6,2012/2/13
Go My Way,三代目J Soul Brothers,54.75,2012/2/13
シンクロときめき 完整版,渡边麻友,51.33,2012/2/13
Love Story,安室奈美惠,49.98,2012/2/13
片想いFinally 完整版,SKE48,49.28,2012/2/13
ひとつ,长m刚,49.11,2012/2/13
君さえいれば feat.小田和正,清水翔太 小田和正,48.21,2012/2/13
Worth Fighting For feat. HOWIE D,城田优 Howie D,46.23,2012/2/13
会いたかったかもしれない,乃木坂46,45.02,2012/2/13
Sun Burns Down,赤西仁,44.95,2012/2/13
Your Best Friend 完整版,仓木麻衣,44.74,2012/2/13
"ミセナイナミダハ,きっといつか",GReeeeN,44.38,2012/2/13
LOCK ON,KAT-TUN,96,2012/2/20
SUPER DELICATE,Hey! Say! JUMP,95.56,2012/2/20
"卒Iメモリ`ズ~サヨナラ,あなた.~",g井美空,82,2012/2/20
"SAKURA, I Love You?",西野加奈,79.41,2012/2/20
FLY HIGH,w-inds.,74.97,2012/2/20
UNTIL THE LAST DAY,GACKT,71.11,2012/2/20
『Love Is Everywhere』,moumoon,70.76,2012/2/20
樱,熊木杏里,70.52,2012/2/20
HARUKAZE,SCANDAL,59.43,2012/2/20
我愿意,EXILE ATSUSHI,57.72,2012/2/20
スイ`ト&ビタ`,AKB48,57.67,2012/2/20
GIVE ME FIVE!,AKB48,52.85,2012/2/20
BabyBaby,游助,50.09,2012/2/20
Love Story,安室奈美惠,44.6,2012/2/20
ノエルの夜,AKB48,44.39,2012/2/20
片想いFinally 完整版,SKE48,44.19,2012/2/20
世界上唯一的花 官方版,SMAP,42.61,2012/2/20
シンクロときめき 完整版,渡边麻友,42.4,2012/2/20
Your Best Friend 完整版,仓木麻衣,42.11,2012/2/20
NOT A LOVE SONG,平原绫香,42.05,2012/2/20
ワイルド アット ハ`ト 完整版,岚,97.55,2012/2/27
LOCK ON,KAT-TUN,91.12,2012/2/27
"爱,テキサス 完整版",山下智久,90.31,2012/2/27
SUPER DELICATE,Hey! Say! JUMP,85.71,2012/2/27
"SAKURA, I Love You?",西野加奈,79.14,2012/2/27
The beginning,绚香,77.79,2012/2/27
乃木坂の诗,乃木坂46,69.95,2012/2/27
FLY HIGH,w-inds.,67.27,2012/2/27
负け惜しみコングラチュレ`ション 完整版,SDN48,66.85,2012/2/27
"卒Iメモリ`ズ~サヨナラ,あなた.~",g井美空,66.75,2012/2/27
UNTIL THE LAST DAY,GACKT,61.22,2012/2/27
『Love Is Everywhere』,moumoon,59.64,2012/2/27
樱,熊木杏里,59.59,2012/2/27
"また,ここで逢いましょッ",YELLOW FRIED CHICKENz,59.02,2012/2/27
GIVE ME FIVE!,AKB48,57,2012/2/27
シンクロときめき 完整版,渡边麻友,51.82,2012/2/27
我愿意,EXILE ATSUSHI,49.73,2012/2/27
スイ`ト&ビタ`,AKB48,48.14,2012/2/27
HARUKAZE,SCANDAL,46.91,2012/2/27
Love Story,安室奈美惠,45.28,2012/2/27
How Beautiful You Are,滨崎步,99.32,2012/3/5
Go Round,安室奈美惠,91.53,2012/3/5
ワイルド アット ハ`ト 完整版,岚,85.07,2012/3/5
Ti Amo,BENI,82.63,2012/3/5
"爱,テキサス 完整版",山下智久,80.37,2012/3/5
LOCK ON,KAT-TUN,69.99,2012/3/5
ミルクシェイクSOS! 完整版,Milky Bunny,69.08,2012/3/5
SUPER DELICATE,Hey! Say! JUMP,67.81,2012/3/5
FLY HIGH,w-inds.,64.71,2012/3/5
"SAKURA, I Love You?",西野加奈,60.7,2012/3/5
GIVE ME FIVE!,AKB48,56.72,2012/3/5
樱,熊木杏里,52.75,2012/3/5
负け惜しみコングラチュレ`ション 完整版,SDN48,52.26,2012/3/5
The beginning,绚香,49.89,2012/3/5
Love Story,安室奈美惠,48.12,2012/3/5
"また,ここで逢いましょッ",YELLOW FRIED CHICKENz,47.9,2012/3/5
IS THIS LOVE?,土屋安娜,47.13,2012/3/5
Tempest,安室奈美惠,46.34,2012/3/5
"卒Iメモリ`ズ~サヨナラ,あなた.~",g井美空,46.2,2012/3/5
UNTIL THE LAST DAY,GACKT,45.54,2012/3/5
YEAH-OH,安室奈美惠,98.03,2012/3/12
Return Road,滨崎步,91.47,2012/3/12
NaNaNa,滨崎步,84.22,2012/3/12
How Beautiful You Are,滨崎步,82.59,2012/3/12
CANDY CANDY,きゃり`ぱみゅぱみゅ,81.45,2012/3/12
Go Round,安室奈美惠,77.66,2012/3/12
SHE! HER! HER! 完整版,Kis-My-Ft2,74.08,2012/3/12
ワイルド アット ハ`ト 完整版,岚,62.23,2012/3/12
SUPER DELICATE,Hey! Say! JUMP,60.99,2012/3/12
IS THIS LOVE?,土屋安娜,60.71,2012/3/12
Ti Amo,BENI,60.67,2012/3/12
"爱,テキサス 完整版",山下智久,57.75,2012/3/12
FLY HIGH,w-inds.,54.8,2012/3/12
"SAKURA, I Love You?",西野加奈,54.44,2012/3/12
Love Story,安室奈美惠,52.69,2012/3/12
GIVE ME FIVE!,AKB48,50.47,2012/3/12
Why...,滨崎步 金俊浩,50.19,2012/3/12
つけまつける,きゃり`ぱみゅぱみゅ,49.13,2012/3/12
LOCK ON,KAT-TUN,48.69,2012/3/12
YEAH-OH,安室奈美惠,93.9,2012/3/19
恋爱ハンタ`,早安少女组,89.1,2012/3/19
One Two Three,E-Girls,86.68,2012/3/19
それでも好きだよ,指原莉乃,76.95,2012/3/19
Return Road,滨崎步,72.99,2012/3/19
Lost The Way 完整版,DiVA,72.4,2012/3/19
SHE! HER! HER! 完整版,Kis-My-Ft2,71.77,2012/3/19
祈り,Kis-My-Ft2,69.8,2012/3/19
How Beautiful You Are,滨崎步,68.65,2012/3/19
Go Round,安室奈美惠,68.17,2012/3/19
CANDY CANDY,きゃり`ぱみゅぱみゅ,66.55,2012/3/19
NaNaNa,滨崎步,64.16,2012/3/19
"GO FOR IT, BABY -キオクの山}-",B'z,62.87,2012/3/19
SUPER DELICATE,Hey! Say! JUMP,62.16,2012/3/19
LOCK ON,KAT-TUN,56.63,2012/3/19
Ti Amo,BENI,55.97,2012/3/19
ワイルド アット ハ`ト 完整版,岚,54.42,2012/3/19
FLY HIGH,w-inds.,53.42,2012/3/19
Love Story,安室奈美惠,52.72,2012/3/19
第二梦 完整版,苍井空,98.44,2012/3/26
Spring Of Life 完整版,Perfume,74.32,2012/3/26
恋爱ハンタ`,早安少女组,72.41,2012/3/26
YEAH-OH,安室奈美惠,71.54,2012/3/26
Beat Generation,Fairies,69.93,2012/3/26
祈り,Kis-My-Ft2,65.12,2012/3/26
LOVE IS ALL MUSIC,小室哲哉 初音未来,64.47,2012/3/26
Go Round,安室奈美惠,59.21,2012/3/26
我愿意,EXILE ATSUSHI,58.34,2012/3/26
"GO FOR IT, BABY -キオクの山}-",B'z,53.25,2012/3/26
How Beautiful You Are,滨崎步,50.94,2012/3/26
Return Road,滨崎步,50.67,2012/3/26
SUPER DELICATE,Hey! Say! JUMP,49.32,2012/3/26
One Two Three,E-Girls,49.15,2012/3/26
LOCK ON,KAT-TUN,47.52,2012/3/26
CANDY CANDY,きゃり`ぱみゅぱみゅ,46.91,2012/3/26
GIVE ME FIVE!,AKB48,46.78,2012/3/26
Lost The Way 完整版,DiVA,45.1,2012/3/26
SHE! HER! HER! 完整版,Kis-My-Ft2,44.55,2012/3/26
FLY HIGH,w-inds.,43.01,2012/3/26
Clone,板野友美,94.13,2012/4/2
第二梦 完整版,苍井空,89.57,2012/4/2
Spring Of Life 完整版,Perfume,87.83,2012/4/2
ハルウタ,いきものがかり,83.82,2012/4/2
おかあさん,惠比寿マスカッツ,75.99,2012/4/2
100年後のきみに,Love,73.46,2012/4/2
YEAH-OH,安室奈美惠,67.05,2012/4/2
祈り ～泪の轨道 完整版,Mr.Children,66.19,2012/4/2
Beat Generation,Fairies,65.04,2012/4/2
恋爱ハンタ`,早安少女组,63.83,2012/4/2
shamanippon~くにのうた,堂本刚,62.49,2012/4/2
SUPER DELICATE,Hey! Say! JUMP,60.55,2012/4/2
我愿意,EXILE ATSUSHI,54.69,2012/4/2
CANDY CANDY,きゃり`ぱみゅぱみゅ,52.77,2012/4/2
祈り,Kis-My-Ft2,52.2,2012/4/2
One Two Three,E-Girls,52.04,2012/4/2
LOCK ON,KAT-TUN,51.72,2012/4/2
Go Round,安室奈美惠,51.64,2012/4/2
ふいに,板野友美,51.26,2012/4/2
10年後の君へ,板野友美,96.53,2012/4/9
Clone,板野友美,82.81,2012/4/9
残り香,シド(SID),82.53,2012/4/9
ハルウタ,いきものがかり,77.42,2012/4/9
Lady ダイヤモンド,Sexy Zone,77.16,2012/4/9
オレンジ,GReeeeN,74.37,2012/4/9
第二梦 完整版,苍井空,73.69,2012/4/9
Spring Of Life 完整版,Perfume,69.52,2012/4/9
おいでシャンプ`,乃木坂46,63.73,2012/4/9
YEAH-OH,安室奈美惠,61.93,2012/4/9
おかあさん,惠比寿マスカッツ,61.79,2012/4/9
爱をあなたに,杏,61.54,2012/4/9
100年後のきみに,Love,61.37,2012/4/9
SUPER DELICATE,Hey! Say! JUMP,60.4,2012/4/9
LOCK ON,KAT-TUN,57.37,2012/4/9
我愿意,EXILE ATSUSHI,56.6,2012/4/9
How Beautiful You Are,滨崎步,52.99,2012/4/9
ふいに,板野友美,52.4,2012/4/9
Love Story,安室奈美惠,52.16,2012/4/9
S,シド(SID),92.29,2012/4/16
真夏のSounds good !,AKB48,92.09,2012/4/16
10年後の君へ,板野友美,82.06,2012/4/16
カラフルワ`ルド,佐佐木希,80.98,2012/4/16
ナギイチ,NMB48,80.51,2012/4/16
残り香,シド(SID),72.22,2012/4/16
Clone,板野友美,67.78,2012/4/16
めぐみ,持田香织,62.18,2012/4/16
おいでシャンプ`,乃木坂46,61.27,2012/4/16
ハルウタ,いきものがかり,59.2,2012/4/16
第二梦 完整版,苍井空,52.95,2012/4/16
オレンジ,GReeeeN,52.93,2012/4/16
SUPER DELICATE,Hey! Say! JUMP,51.85,2012/4/16
Lady ダイヤモンド,Sexy Zone,49.06,2012/4/16
How Beautiful You Are,滨崎步,49.03,2012/4/16
YEAH-OH,安室奈美惠,48.88,2012/4/16
ふいに,板野友美,47.44,2012/4/16
Spring Of Life 完整版,Perfume,46.51,2012/4/16
LOCK ON,KAT-TUN,45.3,2012/4/16
"爱,テキサス 完整版",山下智久,44.32,2012/4/16
真夏のSounds good !,AKB48,97.3,2012/4/23
Still Love You 完整版,AAA,79.85,2012/4/23
10年後の君へ,板野友美,79.46,2012/4/23
片想い,YU-A,75.99,2012/4/23
S,シド(SID),74.76,2012/4/23
さかさまの空,SMAP,73.85,2012/4/23
ナギイチ,NMB48,66.37,2012/4/23
Clone,板野友美,64.1,2012/4/23
マミレル,木村カエラ,63.39,2012/4/23
カラフルワ`ルド,佐佐木希,59.3,2012/4/23
残り香,シド(SID),55.04,2012/4/23
ハルウタ,いきものがかり,53.3,2012/4/23
めぐみ,持田香织,51.13,2012/4/23
STAR RIDER,KAT-TUN,50.12,2012/4/23
第二梦 完整版,苍井空,49.77,2012/4/23
How Beautiful You Are,滨崎步,49.59,2012/4/23
SUPER DELICATE,Hey! Say! JUMP,48.9,2012/4/23
オレンジ,GReeeeN,48.11,2012/4/23
LOCK ON,KAT-TUN,46.82,2012/4/23
YEAH-OH,安室奈美惠,44.11,2012/4/23
Face Down 完整版,岚,95.56,2012/4/30
私たち,西野加奈,88.12,2012/4/30
真夏のSounds good !,AKB48,84.23,2012/4/30
少年よ 嘘をつけ!,渡り廊下走り队7,79.95,2012/4/30
えれぴょん,小野惠令奈,69.67,2012/4/30
10年後の君へ,板野友美,69.63,2012/4/30
S,シド(SID),69.3,2012/4/30
Still Love You 完整版,AAA,68.33,2012/4/30
さかさまの空,SMAP,62.34,2012/4/30
カラフルワ`ルド,佐佐木希,60.86,2012/4/30
オレンジ,GReeeeN,59.24,2012/4/30
片想い,YU-A,57.32,2012/4/30
マミレル,木村カエラ,55.26,2012/4/30
残り香,シド(SID),54.12,2012/4/30
ナギイチ,NMB48,53.19,2012/4/30
偶然を言いUにして,乃木坂46,52.46,2012/4/30
SUPER DELICATE,Hey! Say! JUMP,51.89,2012/4/30
ハルウタ,いきものがかり,50.56,2012/4/30
第二梦 完整版,苍井空,49.91,2012/4/30
STAR RIDER,KAT-TUN,46.97,2012/4/30
Face Down 完整版,岚,98.01,2012/5/7
AIAIAI,加藤ミリヤ,82.7,2012/5/7
自由へ道Bれ,椎名林檎,80.97,2012/5/7
Signal,girl next door,78.37,2012/5/7
真夏のSounds good !,AKB48,76.45,2012/5/7
私たち,西野加奈,75.45,2012/5/7
Sunday 完整版,平野绫,73.53,2012/5/7
Bible,GLAY,73.24,2012/5/7
OH!!!! 迷惑!!!!,GReeeeN,70.32,2012/5/7
少年よ 嘘をつけ!,渡り廊下走り队7,66.22,2012/5/7
S,シド(SID),62.88,2012/5/7
SAY YES -102回目のプロポ`ズ,mihimaru GT,62.7,2012/5/7
10年後の君へ,板野友美,62.23,2012/5/7
えれぴょん,小野惠令奈,55.57,2012/5/7
SUPER DELICATE,Hey! Say! JUMP,53.39,2012/5/7
ハルウタ,いきものがかり,51.75,2012/5/7
STAR RIDER,KAT-TUN,50.33,2012/5/7
LOCK ON,KAT-TUN,49.68,2012/5/7
片想い,YU-A,49.46,2012/5/7
ナギイチ,NMB48,49.35,2012/5/7
ずっとずっとトモダチ 完整版,芦田爱菜,96.86,2012/5/14
告白,平井坚,95.53,2012/5/14
アイシテラブル! 完整版,SKE48,86.1,2012/5/14
"ちょうだい,ダ`リン!",AKB48,82.04,2012/5/14
Face Down 完整版,岚,78.14,2012/5/14
美しきしき日々,持田香织,74.9,2012/5/14
西瓜BABY 完整版,Not yet,68.2,2012/5/14
真夏のSounds good !,AKB48,63.38,2012/5/14
Sunday 完整版,平野绫,61.25,2012/5/14
AIAIAI,加藤ミリヤ,60.19,2012/5/14
私たち,西野加奈,57.92,2012/5/14
自由へ道Bれ,椎名林檎,56.83,2012/5/14
Signal,girl next door,51.62,2012/5/14
SUPER DELICATE,Hey! Say! JUMP,50.96,2012/5/14
狼,Stereopony,49.53,2012/5/14
10年後の君へ,板野友美,48.88,2012/5/14
OH!!!! 迷惑!!!!,GReeeeN,47.76,2012/5/14
S,シド(SID),46.62,2012/5/14
少年よ 嘘をつけ!,渡り廊下走り队7,45.8,2012/5/14
LOCK ON,KAT-TUN,45.29,2012/5/14
ONLY YOU,安室奈美惠,96.99,2012/5/21
ハイナ!,NYC,94.62,2012/5/21
告白,平井坚,80.86,2012/5/21
"ちょうだい,ダ`リン!",AKB48,79.35,2012/5/21
ずっとずっとトモダチ 完整版,芦田爱菜,78.64,2012/5/21
Treasure Of The Heart ～キミとボクの奇迹～,ZONE,77.71,2012/5/21
ALL NIGHT LONG 完整版,EXILE,71.49,2012/5/21
Face Down 完整版,岚,69.45,2012/5/21
With You,柚子乐队,65.05,2012/5/21
真夏のSounds good !,AKB48,62.42,2012/5/21
アイシテラブル! 完整版,SKE48,60.85,2012/5/21
SUPER DELICATE,Hey! Say! JUMP,53.45,2012/5/21
私たち,西野加奈,51.49,2012/5/21
AIAIAI,加藤ミリヤ,50.7,2012/5/21
YEAH-OH,安室奈美惠,46.54,2012/5/21
美しきしき日々,持田香织,45.68,2012/5/21
自由へ道Bれ,椎名林檎,45.42,2012/5/21
LOCK ON,KAT-TUN,43.86,2012/5/21
10年後の君へ,板野友美,41.86,2012/5/21
ぐぐたすの空,AKB48,40.63,2012/5/21
Your Eyes 完整版,岚,97.31,2012/5/28
君はWだ,前田敦子,96.96,2012/5/28
ハイナ!,NYC,88.34,2012/5/28
ただいま 完整版,JUJU,86.14,2012/5/28
ONLY YOU,安室奈美惠,75.94,2012/5/28
ANOTHER:WORLD 完整版,柴崎幸,74.44,2012/5/28
告白,平井坚,72.68,2012/5/28
ずっとずっとトモダチ 完整版,芦田爱菜,70.02,2012/5/28
Face Down 完整版,岚,67.48,2012/5/28
"ちょうだい,ダ`リン!",AKB48,65.04,2012/5/28
真夏のSounds good !,AKB48,60.85,2012/5/28
SUPER DELICATE,Hey! Say! JUMP,60.25,2012/5/28
Treasure Of The Heart ～キミとボクの奇迹～,ZONE,60.2,2012/5/28
With You,柚子乐队,58.6,2012/5/28
ALL NIGHT LONG 完整版,EXILE,53.09,2012/5/28
@色舞うころ,清木场俊介,50.3,2012/5/28
アイシテラブル! 完整版,SKE48,49.34,2012/5/28
我愿意,EXILE ATSUSHI,47.56,2012/5/28
10年後の君へ,板野友美,46.43,2012/5/28
Your Eyes 完整版,岚,98.4,2012/6/4
Play For Free,S崎爱,86.84,2012/6/4
爱でした. 完整版,vジャニ∞,84.28,2012/6/4
ハイナ!,NYC,76.48,2012/6/4
道案内,一青窈,73.96,2012/6/4
チャチャマンボ岛,まきたんとかんぺいたん,73.05,2012/6/4
君はWだ,前田敦子,72.73,2012/6/4
ただいま 完整版,JUJU,71.55,2012/6/4
ONLY YOU,安室奈美惠,69.05,2012/6/4
流星のくちづけ 完整版,9nine,67.34,2012/6/4
告白,平井坚,67.32,2012/6/4
Face Down 完整版,岚,63.23,2012/6/4
"ちょうだい,ダ`リン!",AKB48,62.87,2012/6/4
ずっとずっとトモダチ 完整版,芦田爱菜,60.19,2012/6/4
真夏のSounds good !,AKB48,59.11,2012/6/4
Song For The DATE,真野惠里菜,55.93,2012/6/4
SUPER DELICATE,Hey! Say! JUMP,53.64,2012/6/4
Treasure Of The Heart ～キミとボクの奇迹～,ZONE,53.34,2012/6/4
片想いFinally 完整版,SKE48,51.01,2012/6/4
Listen To The Rain,w-inds.,94.38,2012/6/11
In The Spotlight (TOKYO),安室奈美惠,91.53,2012/6/11
Play For Free,S崎爱,89.71,2012/6/11
爱でした. 完整版,vジャニ∞,80.58,2012/6/11
Your Eyes 完整版,岚,77.58,2012/6/11
0 GAME,SPYAIR,75.3,2012/6/11
脑内Survivor,BREAKERZ,68.38,2012/6/11
ただいま 完整版,JUJU,64.82,2012/6/11
君はWだ,前田敦子,63.43,2012/6/11
ハイナ!,NYC,61.58,2012/6/11
告白,平井坚,60.5,2012/6/11
Face Down 完整版,岚,58.29,2012/6/11
真夏のSounds good !,AKB48,57.04,2012/6/11
"ちょうだい,ダ`リン!",AKB48,54.82,2012/6/11
SUPER DELICATE,Hey! Say! JUMP,53.57,2012/6/11
太阳スキャンダラス,SCANDAL,51.5,2012/6/11
片想いFinally 完整版,SKE48,50.88,2012/6/11
ずっとずっとトモダチ 完整版,芦田爱菜,50.32,2012/6/11
チャチャマンボ岛,まきたんとかんぺいたん,49.81,2012/6/11
禁断o长韦扩`りん,Afilia Saga East,48.35,2012/6/11
Let's Go,安室奈美惠,93.33,2012/6/18
Hot Girls,安室奈美惠,90.31,2012/6/18
Listen To The Rain,w-inds.,84.24,2012/6/18
オ`バ`ライト,BREAKERZ,83.41,2012/6/18
Play For Free,S崎爱,79.81,2012/6/18
风が吹いている,いきものがかり,77.58,2012/6/18
One Two Three,早安少女组,77.11,2012/6/18
ヤルキスイッチ,ベッキ`,74.84,2012/6/18
In The Spotlight (TOKYO),安室奈美惠,74.39,2012/6/18
Your Eyes 完整版,岚,66.74,2012/6/18
爱でした. 完整版,vジャニ∞,65.81,2012/6/18
Because... I am 完整版,flumpool,64.48,2012/6/18
君はWだ,前田敦子,62.68,2012/6/18
ただいま 完整版,JUJU,61.27,2012/6/18
0 GAME,SPYAIR,59.07,2012/6/18
真夏のSounds good !,AKB48,58.46,2012/6/18
SUPER DELICATE,Hey! Say! JUMP,57.45,2012/6/18
片想いFinally 完整版,SKE48,55.7,2012/6/18
脑内Survivor,BREAKERZ,54.54,2012/6/18
YEAH-OH,安室奈美惠,54.23,2012/6/18
TO THE LIMIT 完整版,KAT-TUN,96.27,2012/6/25
Hot Girls,安室奈美惠,96.01,2012/6/25
大人ジェリ`ビ`ンズ,渡边麻友,87.41,2012/6/25
H不孝ベイベ` 完整版,惠比寿マスカッツ,80.17,2012/6/25
100万年の幸せ!!,桑田佳v,79.6,2012/6/25
Let's Go,安室奈美惠,73.87,2012/6/25
风が吹いている,いきものがかり,73.43,2012/6/25
Tweet Dream,Fairies,72.28,2012/6/25
Listen To The Rain,w-inds.,71.75,2012/6/25
告白,Angela Aki,71.63,2012/6/25
One Two Three,早安少女组,68.5,2012/6/25
In The Spotlight (TOKYO),安室奈美惠,64.21,2012/6/25
スマイル スマイル,平原绫香,63.34,2012/6/25
Play For Free,S崎爱,61.52,2012/6/25
Because... I am 完整版,flumpool,61.02,2012/6/25
Your Eyes 完整版,岚,59.83,2012/6/25
ここから始まるんだ! 完整版,吉川友,59.6,2012/6/25
爱でした. 完整版,vジャニ∞,57.07,2012/6/25
Face Down 完整版,岚,56.66,2012/6/25
真夏のSounds good !,AKB48,54.14,2012/6/25
LOVE CHASE,山下智久,99.83,2012/7/2
大人ジェリ`ビ`ンズ,渡边麻友,84.28,2012/7/2
TO THE LIMIT 完整版,KAT-TUN,80.83,2012/7/2
777 ～We can sing a song!～ 完整版,AAA,78.38,2012/7/2
Whatchu Waitin' On?,田来未,77.44,2012/7/2
Hot Girls,安室奈美惠,74.95,2012/7/2
Sparkle,Fairies,70.18,2012/7/2
妄想ガ`ルフレンド,NMB48,68.14,2012/7/2
BOW & ARROWS 完整版,EXILE,66.88,2012/7/2
100万年の幸せ!!,桑田佳v,66.16,2012/7/2
Listen To The Rain,w-inds.,63.8,2012/7/2
H不孝ベイベ` 完整版,惠比寿マスカッツ,59.1,2012/7/2
Let's Go,安室奈美惠,58.85,2012/7/2
One Two Three,早安少女组,58.84,2012/7/2
风が吹いている,いきものがかり,57.22,2012/7/2
Your Eyes 完整版,岚,55.82,2012/7/2
Tweet Dream,Fairies,53.38,2012/7/2
真夏のSounds good !,AKB48,52.91,2012/7/2
片想いFinally 完整版,SKE48,52.01,2012/7/2
Face Down 完整版,岚,51.77,2012/7/2
LOVE CHASE,山下智久,98.42,2012/7/9
Go For It !!,西野加奈,94.77,2012/7/9
Best Partner,Jasmine,87.76,2012/7/9
cha cha SING,Berryz工房,84.39,2012/7/9
Hot Girls,安室奈美惠,79.32,2012/7/9
大人ジェリ`ビ`ンズ,渡边麻友,78.5,2012/7/9
TO THE LIMIT 完整版,KAT-TUN,77.5,2012/7/9
Whatchu Waitin' On?,田来未,75.67,2012/7/9
Listen To The Rain,w-inds.,68.4,2012/7/9
Your Eyes 完整版,岚,65.91,2012/7/9
777 ～We can sing a song!～ 完整版,AAA,62.25,2012/7/9
100万年の幸せ!!,桑田佳v,60.94,2012/7/9
君はWだ,前田敦子,60.84,2012/7/9
真夏のSounds good !,AKB48,59.78,2012/7/9
Face Down 完整版,岚,59.59,2012/7/9
Let's Go,安室奈美惠,58.75,2012/7/9
妄想ガ`ルフレンド,NMB48,58.34,2012/7/9
SUPER DELICATE,Hey! Say! JUMP,58.1,2012/7/9
片想いFinally 完整版,SKE48,56.58,2012/7/9
あなたに出会わなければ～夏雪冬花～,Aimer,97.84,2012/7/16
ツインテ`ルはもうしない,渡边麻友 乃木坂46,92.87,2012/7/16
LOVE CHASE,山下智久,85.4,2012/7/16
チャンカパ`ナ 完整版,NEWS,81.91,2012/7/16
大人ジェリ`ビ`ンズ,渡边麻友,75.23,2012/7/16
HEART BEAT,加藤ミリヤ,74.89,2012/7/16
ヴァ`ジニティ,NMB48,74,2012/7/16
走れ!Bicycle,乃木坂46,73.73,2012/7/16
Go For It !!,西野加奈,73.72,2012/7/16
Hot Girls,安室奈美惠,70.96,2012/7/16
Best Partner,Jasmine,66.92,2012/7/16
TO THE LIMIT 完整版,KAT-TUN,63.02,2012/7/16
片想いFinally 完整版,SKE48,62.88,2012/7/16
宇宙でプロポ`ズ,中川翔子,61.3,2012/7/16
Face Down 完整版,岚,60.79,2012/7/16
Your Eyes 完整版,岚,60.32,2012/7/16
Whatchu Waitin' On?,田来未,60.02,2012/7/16
Listen To The Rain,w-inds.,58.36,2012/7/16
MY EYE AH,Be-ppin,56.58,2012/7/16
ERO -2012 version-,山下智久,99.07,2012/7/23
あなたに出会わなければ～夏雪冬花～,Aimer,85.23,2012/7/23
雨に愿いを 完整版,芦田爱菜,83.01,2012/7/23
希望について,NO NAME,72.4,2012/7/23
火,moumoon,71.09,2012/7/23
LOVE CHASE,山下智久,70.03,2012/7/23
ツインテ`ルはもうしない,渡边麻友 乃木坂46,64.06,2012/7/23
MY EYE AH,Be-ppin,61.72,2012/7/23
Go For It !!,西野加奈,61.01,2012/7/23
片想いFinally 完整版,SKE48,60.52,2012/7/23
"ER (リップシンクver.""w沫(しぶき)"")",vジャニ∞,59.63,2012/7/23
Hot Girls,安室奈美惠,59,2012/7/23
チャンカパ`ナ 完整版,NEWS,58.06,2012/7/23
ヴァ`ジニティ,NMB48,57.17,2012/7/23
大人ジェリ`ビ`ンズ,渡边麻友,56.11,2012/7/23
イジワルな神样,家入レオ,54.95,2012/7/23
走れ!Bicycle,乃木坂46,54.37,2012/7/23
TO THE LIMIT 完整版,KAT-TUN,53.36,2012/7/23
Best Partner,Jasmine,53.23,2012/7/23
HEART BEAT,加藤ミリヤ,49.17,2012/7/23
ERO -2012 version-,山下智久,97.39,2012/7/30
ヒカリへ,miwa,91.68,2012/7/30
Spending All My Time,Perfume,89.19,2012/7/30
雨に愿いを 完整版,芦田爱菜,83.69,2012/7/30
あなたに出会わなければ～夏雪冬花～,Aimer,76.14,2012/7/30
Forever,松下优也 BRIGHT,74.71,2012/7/30
希望について,NO NAME,74.58,2012/7/30
kEEP oN.,V6,72.11,2012/7/30
Moment 完整版,SMAP,66.86,2012/7/30
また明日,柚子乐队,65.23,2012/7/30
片想いFinally 完整版,SKE48,63.57,2012/7/30
LOVE CHASE,山下智久,60.81,2012/7/30
火,moumoon,60.01,2012/7/30
MY EYE AH,Be-ppin,58.76,2012/7/30
チャンカパ`ナ 完整版,NEWS,56.6,2012/7/30
ツインテ`ルはもうしない,渡边麻友 乃木坂46,54.99,2012/7/30
Hot Girls,安室奈美惠,54.94,2012/7/30
第二梦 完整版,苍井空,53.72,2012/7/30
大人ジェリ`ビ`ンズ,渡边麻友,53.26,2012/7/30
TO THE LIMIT 完整版,KAT-TUN,52.43,2012/7/30
恋に恋して,仓木麻衣,99.25,2012/8/6
年下の男の子 完整版,すた`ふらわ`,90.89,2012/8/6
Spending All My Time,Perfume,90.8,2012/8/6
ヒカリへ,miwa,82.24,2012/8/6
You & Me 完整版,滨崎步,80.53,2012/8/6
ERO -2012 version-,山下智久,78.62,2012/8/6
24karats TRIBE OF GOLD,EXILE 三代目J Soul Brothers,75.8,2012/8/6
DREAMER'S DREAM,AMIAYA,75.52,2012/8/6
人はなぜ走るのか?,乃木坂46,74.7,2012/8/6
ただならぬvS,东京事变,70.6,2012/8/6
Shake It Up 完整版,Kis-My-Ft2,67.2,2012/8/6
Forever,松下优也 BRIGHT,66.47,2012/8/6
あなたに出会わなければ～夏雪冬花～,Aimer,63.86,2012/8/6
雨に愿いを 完整版,芦田爱菜,60.17,2012/8/6
Make My Day!,ピコ,59.65,2012/8/6
希望について,NO NAME,57.99,2012/8/6
Moment 完整版,SMAP,55.67,2012/8/6
MY EYE AH,Be-ppin,54.91,2012/8/6
LOVE CHASE,山下智久,53.76,2012/8/6
片想いFinally 完整版,SKE48,53.54,2012/8/6
明日世界がKわるなら 完整版,中岛美嘉,97.9,2012/8/13
簸魏,AKB48,95.69,2012/8/13
星屑ビ`ナス,Aimer,91.25,2012/8/13
Shake It Up 完整版,Kis-My-Ft2,89.04,2012/8/13
年下の男の子 完整版,すた`ふらわ`,85.44,2012/8/13
恋に恋して,仓木麻衣,79.77,2012/8/13
ヒカリへ,miwa,71.55,2012/8/13
Spending All My Time,Perfume,71.22,2012/8/13
ERO -2012 version-,山下智久,69.06,2012/8/13
あなたに出会わなければ～夏雪冬花～,Aimer,64.87,2012/8/13
You & Me 完整版,滨崎步,60.31,2012/8/13
The Beginning,ONE OK ROCK,59.58,2012/8/13
WANNA BEEEE!!!,Kis-My-Ft2,57.98,2012/8/13
片想いFinally 完整版,SKE48,56.32,2012/8/13
雨に愿いを 完整版,芦田爱菜,55.65,2012/8/13
真夏のSounds good !,AKB48,54.32,2012/8/13
Hot Girls,安室奈美惠,54.28,2012/8/13
MY EYE AH,Be-ppin,54.13,2012/8/13
LOVE CHASE,山下智久,53.55,2012/8/13
DREAMER'S DREAM,AMIAYA,52.64,2012/8/13
簸魏,AKB48,94.3,2012/8/20
ギンガムチェック 完整版,AKB48,92.51,2012/8/20
明日世界がKわるなら 完整版,中岛美嘉,92.06,2012/8/20
Be Strong,西野加奈,91.72,2012/8/20
Fight (Acoustic Ver.),YUI,87.85,2012/8/20
Voyagers -ANNA ver.-,土屋安娜,78.08,2012/8/20
星屑ビ`ナス,Aimer,77.85,2012/8/20
Shake It Up 完整版,Kis-My-Ft2,76.51,2012/8/20
See You,松下优也,73.78,2012/8/20
恋に恋して,仓木麻衣,68.19,2012/8/20
ヒカリへ,miwa,66.41,2012/8/20
年下の男の子 完整版,すた`ふらわ`,65.81,2012/8/20
なんてボヘミアン,AKB48,63.81,2012/8/20
Spending All My Time,Perfume,62.62,2012/8/20
ERO -2012 version-,山下智久,60.84,2012/8/20
Show fight!,AKB48,58.88,2012/8/20
真夏のSounds good !,AKB48,55.79,2012/8/20
片想いFinally 完整版,SKE48,53.68,2012/8/20
MY EYE AH,Be-ppin,53.17,2012/8/20
あなたに出会わなければ～夏雪冬花～,Aimer,51.27,2012/8/20
ギンガムチェック 完整版,AKB48,99.57,2012/8/27
キスだって左利き,SKE48,89.95,2012/8/27
366日 feat. 仲宗根泉 (HY),清水翔太,82.65,2012/8/27
簸魏,AKB48,81.57,2012/8/27
Be Strong,西野加奈,78.85,2012/8/27
明日世界がKわるなら 完整版,中岛美嘉,78.18,2012/8/27
Shake It Up 完整版,Kis-My-Ft2,71.28,2012/8/27
恋に恋して,仓木麻衣,70.08,2012/8/27
ERO -2012 version-,山下智久,69.51,2012/8/27
Fight (Acoustic Ver.),YUI,69.47,2012/8/27
Show fight!,AKB48,68.62,2012/8/27
ヒカリへ,miwa,67.09,2012/8/27
星屑ビ`ナス,Aimer,66.07,2012/8/27
片想いFinally 完整版,SKE48,65.35,2012/8/27
なんてボヘミアン,AKB48,64.46,2012/8/27
REAL DX,泷&翼,64.16,2012/8/27
年下の男の子 完整版,すた`ふらわ`,63.8,2012/8/27
Spending All My Time,Perfume,63.45,2012/8/27
Voyagers -ANNA ver.-,土屋安娜,59.87,2012/8/27
See You,松下优也,58.02,2012/8/27
ギンガムチェック 完整版,AKB48,94.65,2012/9/3
重力シンパシ`,AKB48,89.53,2012/9/3
あおっぱな,vジャニ∞,86.83,2012/9/3
366日 feat. 仲宗根泉 (HY),清水翔太,82.81,2012/9/3
Gift,SMAP,82.57,2012/9/3
hypnosis,Mr.Children,79.07,2012/9/3
明日世界がKわるなら 完整版,中岛美嘉,77.73,2012/9/3
キスだって左利き,SKE48,75.22,2012/9/3
しょっぱいね,つんく♂,75.12,2012/9/3
水曜日のアリス 完整版,AKB48,74.47,2012/9/3
簸魏,AKB48,74.41,2012/9/3
Be Strong,西野加奈,71.96,2012/9/3
恋に恋して,仓木麻衣,71.24,2012/9/3
Shake It Up 完整版,Kis-My-Ft2,70.57,2012/9/3
年下の男の子 完整版,すた`ふらわ`,69.55,2012/9/3
ERO -2012 version-,山下智久,66.2,2012/9/3
ヒカリへ,miwa,64.61,2012/9/3
Fight (Acoustic Ver.),YUI,61.8,2012/9/3
星屑ビ`ナス,Aimer,60.8,2012/9/3
片想いFinally 完整版,SKE48,59.92,2012/9/3
不绀违攻ラム,KAT-TUN,95.66,2012/9/10
重力シンパシ`,AKB48,90.54,2012/9/10
FAKE IT,Perfume,87.38,2012/9/10
BLACK OR WHITE,KAT-TUN,76.04,2012/9/10
水曜日のアリス 完整版,AKB48,73.99,2012/9/10
ギンガムチェック 完整版,AKB48,70.21,2012/9/10
明日世界がKわるなら 完整版,中岛美嘉,69.6,2012/9/10
明日世界がKわるなら 正式版,中岛美嘉,68.73,2012/9/10
366日 feat. 仲宗根泉 (HY),清水翔太,62.68,2012/9/10
Shake It Up 完整版,Kis-My-Ft2,59.83,2012/9/10
年下の男の子 完整版,すた`ふらわ`,59.31,2012/9/10
しょっぱいね,つんく♂,59.05,2012/9/10
ヒカリへ,miwa,58.58,2012/9/10
簸魏,AKB48,57,2012/9/10
Be Strong,西野加奈,56.54,2012/9/10
星屑ビ`ナス,Aimer,56.51,2012/9/10
恋に恋して,仓木麻衣,55.7,2012/9/10
ERO -2012 version-,山下智久,55.14,2012/9/10
Gift,SMAP,55.07,2012/9/10
↑↓ (アップダウン),hitomi,53.69,2012/9/10
そのままで 完整版,AKB48,93.2,2012/9/17
明日世界がKわるなら 正式版,中岛美嘉,87.1,2012/9/17
ファッションモンスタ` 完整版,きゃり`ぱみゅぱみゅ,82.81,2012/9/17
妞松颏嗵阳,AKB48,78.17,2012/9/17
えれにゃん 完整版,小野惠令奈,73.01,2012/9/17
不绀违攻ラム,KAT-TUN,71.49,2012/9/17
重力シンパシ`,AKB48,70.73,2012/9/17
水曜日のアリス 完整版,AKB48,68.68,2012/9/17
FAKE IT,Perfume,67.3,2012/9/17
ギンガムチェック 完整版,AKB48,61.87,2012/9/17
ERO -2012 version-,山下智久,58.46,2012/9/17
366日 feat. 仲宗根泉 (HY),清水翔太,56.77,2012/9/17
明日世界がKわるなら 完整版,中岛美嘉,55.24,2012/9/17
ヒカリへ,miwa,54.28,2012/9/17
キスだって左利き,SKE48,54.22,2012/9/17
MY EYE AH,Be-ppin,52.38,2012/9/17
BLACK OR WHITE,KAT-TUN,52.15,2012/9/17
簸魏,AKB48,52.09,2012/9/17
Shake It Up 完整版,Kis-My-Ft2,52.01,2012/9/17
Gift,SMAP,51.84,2012/9/17
妞松颏嗵阳,AKB48,94.64,2012/9/24
CHE.R.RY ～Bossa Live Version～,YUI,87.9,2012/9/24
LOVERS partII feat. 若旦那,加藤ミリヤ 若旦那,83.73,2012/9/24
ありがとう,JUJU,80.87,2012/9/24
そのままで 完整版,AKB48,75.96,2012/9/24
ファッションモンスタ` 完整版,きゃり`ぱみゅぱみゅ,75.96,2012/9/24
明日世界がKわるなら 正式版,中岛美嘉,68.46,2012/9/24
重力シンパシ`,AKB48,68.32,2012/9/24
君のC/W 完整版,AKB48,65.39,2012/9/24
水曜日のアリス 完整版,AKB48,62.61,2012/9/24
FAKE IT,Perfume,62.37,2012/9/24
ERO -2012 version-,山下智久,59.22,2012/9/24
ギンガムチェック 完整版,AKB48,57.67,2012/9/24
不绀违攻ラム,KAT-TUN,56.48,2012/9/24
MY EYE AH,Be-ppin,54.87,2012/9/24
ヒカリへ,miwa,52.41,2012/9/24
Shake It Up 完整版,Kis-My-Ft2,50.59,2012/9/24
ねぇ,多和田えみ,50.19,2012/9/24
えれにゃん 完整版,小野惠令奈,49.72,2012/9/24
366日 feat. 仲宗根泉 (HY),清水翔太,49.5,2012/9/24
ナミダソラ 完整版,Milky Bunny,95.9,2012/10/1
Danger Zone~to the unknown world~ 完整版,堂本光一,81.43,2012/10/1
Sexy Summerに雪が降る,Sexy Zone,79.77,2012/10/1
Go To The Top 完整版,田来未,78.15,2012/10/1
白露-HAKURO-,GACKT,77.18,2012/10/1
ありがとう,JUJU,69.8,2012/10/1
君のC/W 完整版,AKB48,69.25,2012/10/1
CHE.R.RY ～Bossa Live Version～,YUI,66.44,2012/10/1
妞松颏嗵阳,AKB48,66.39,2012/10/1
そのままで 完整版,AKB48,64.85,2012/10/1
重力シンパシ`,AKB48,62.89,2012/10/1
LOVERS partII feat. 若旦那,加藤ミリヤ 若旦那,60.17,2012/10/1
水曜日のアリス 完整版,AKB48,59.71,2012/10/1
明日世界がKわるなら 正式版,中岛美嘉,59,2012/10/1
ファッションモンスタ` 完整版,きゃり`ぱみゅぱみゅ,56.31,2012/10/1
ERO -2012 version-,山下智久,55.44,2012/10/1
ギンガムチェック 完整版,AKB48,53.95,2012/10/1
MY EYE AH,Be-ppin,52.17,2012/10/1
不绀违攻ラム,KAT-TUN,51.41,2012/10/1
真夏のSounds good !,AKB48,49.75,2012/10/1
UZA,AKB48,99.77,2012/10/8
思い出す度につらくなる,AKB48 前田敦子,85.84,2012/10/8
HALLOWEEN PARTY,VAMPS HYDE,78.93,2012/10/8
ナミダソラ 完整版,Milky Bunny,77.99,2012/10/8
意莸丐胜伐蕙攻レ`ド,AKB48 指原莉乃,74.95,2012/10/8
歌うたいのバラッド,BENI,72.42,2012/10/8
ワクテカ Take A Chance,早安少女组,69.11,2012/10/8
白露-HAKURO-,GACKT,66.5,2012/10/8
1994年の雷鸣 完整版,AKB48,62.73,2012/10/8
Sexy Summerに雪が降る,Sexy Zone,62.33,2012/10/8
Go To The Top 完整版,田来未,60.69,2012/10/8
Danger Zone~to the unknown world~ 完整版,堂本光一,60.28,2012/10/8
妞松颏嗵阳,AKB48,58.4,2012/10/8
明日世界がKわるなら 正式版,中岛美嘉,56.29,2012/10/8
ギンガムチェック 完整版,AKB48,53.95,2012/10/8
真夏のSounds good !,AKB48,53.43,2012/10/8
そのままで 完整版,AKB48,53.19,2012/10/8
LOVERS partII feat. 若旦那,加藤ミリヤ 若旦那,52.07,2012/10/8
ありがとう,JUJU,52.06,2012/10/8
VIVA! Nossa Nossa,游助,51.57,2012/10/8
HALLOWEEN PARTY,VAMPS HYDE,95.71,2012/10/15
Always 完整版,西野加奈,95.38,2012/10/15
お手上げララバイ,AKB48,89.88,2012/10/15
思い出す度につらくなる,AKB48 前田敦子,86.82,2012/10/15
UZA,AKB48,86.36,2012/10/15
LET'S GO OUT 完整版,AMOYAMO,85.99,2012/10/15
クルトン 完整版,vジャニ∞,82.34,2012/10/15
北川t二,NMB48,77.22,2012/10/15
ナミダソラ 完整版,Milky Bunny,67.48,2012/10/15
My Perfect Blue 完整版,柴崎幸,67.44,2012/10/15
歌うたいのバラッド,BENI,64.29,2012/10/15
ワクテカ Take A Chance,早安少女组,62.42,2012/10/15
Powder Snow 永hにKわらない冬,三代目J Soul Brothers,62.18,2012/10/15
1994年の雷鸣 完整版,AKB48,59.1,2012/10/15
意莸丐胜伐蕙攻レ`ド,AKB48 指原莉乃,58.32,2012/10/15
重力シンパシ`,AKB48,57.38,2012/10/15
虹,AAA,57.27,2012/10/15
真夏のSounds good !,AKB48,56.47,2012/10/15
LOVERS partII feat. 若旦那,加藤ミリヤ 若旦那,56.45,2012/10/15
妞松颏嗵阳,AKB48,55.55,2012/10/15
キンモクセイ 完整版,AKB48,95.61,2012/10/22
Always 完整版,西野加奈,93.24,2012/10/22
お手上げララバイ,AKB48,86.8,2012/10/22
HALLOWEEN PARTY,VAMPS HYDE,86.38,2012/10/22
Lovers Again 完整版,BENI,83.21,2012/10/22
孤な星空,AKB48,81.81,2012/10/22
UZA,AKB48,80.35,2012/10/22
LET'S GO OUT 完整版,AMOYAMO,73.61,2012/10/22
思い出す度につらくなる,AKB48 前田敦子,72.61,2012/10/22
Dear Mr.Tomorrow,秦基博,68.95,2012/10/22
スクラップ&ビルド,AKB48,65.45,2012/10/22
クルトン 完整版,vジャニ∞,63.53,2012/10/22
正xの味方じゃないヒ`ロ`,AKB48,62.35,2012/10/22
My Perfect Blue 完整版,柴崎幸,58.8,2012/10/22
ワクテカ Take A Chance,早安少女组,56.78,2012/10/22
北川t二,NMB48,56.45,2012/10/22
ナミダソラ 完整版,Milky Bunny,55.01,2012/10/22
Go To The Top 完整版,田来未,54.82,2012/10/22
ギンガムチェック 完整版,AKB48,54.82,2012/10/22
真夏のSounds good !,AKB48,54.4,2012/10/22
I Love You 完整版,BENI,96.82,2012/10/29
ヒカルものたち 完整版,渡边麻友,89.97,2012/10/29
サヨナラの 完整版,渡边麻友,88.87,2012/10/29
キンモクセイ 完整版,AKB48,79.15,2012/10/29
V.I.P,シド(SID),79.14,2012/10/29
Missing Piece 完整版,中山优马,77.99,2012/10/29
孤な星空,AKB48,75.08,2012/10/29
HALLOWEEN PARTY,VAMPS HYDE,74.19,2012/10/29
恋郾缓届け 完整版,NMB48,72.25,2012/10/29
素长嗜角vS 完整版,AKB48,71.49,2012/10/29
UZA,AKB48,70.62,2012/10/29
Lovers Again 完整版,BENI,68.08,2012/10/29
Always 完整版,西野加奈,66.74,2012/10/29
お手上げララバイ,AKB48,65.45,2012/10/29
White Angel,Fairies,62.72,2012/10/29
LET'S GO OUT 完整版,AMOYAMO,61.28,2012/10/29
スクラップ&ビルド,AKB48,54.54,2012/10/29
思い出す度につらくなる,AKB48 前田敦子,53.62,2012/10/29
正xの味方じゃないヒ`ロ`,AKB48,52.99,2012/10/29
片想いFinally 完整版,SKE48,52.62,2012/10/29
I Love You 完整版,BENI,97.78,2012/11/5
Song 4 u 完整版,滨崎步,90.29,2012/11/5
旅立ちのとき 完整版,AKB48,84.44,2012/11/5
ヒカルものたち 完整版,渡边麻友,84.38,2012/11/5
恋しくて 完整版,田来未,76.76,2012/11/5
DEEPNESS,MISIA,76.04,2012/11/5
孤な星空,AKB48,71.96,2012/11/5
Missing 完整版,滨崎步,71.74,2012/11/5
素长嗜角vS 完整版,AKB48,70.12,2012/11/5
UZA,AKB48,69.54,2012/11/5
恋人がサンタクロ`ス 完整版,Flower,68.21,2012/11/5
V.I.P,シド(SID),65.64,2012/11/5
キンモクセイ 完整版,AKB48,65.23,2012/11/5
サヨナラの 完整版,渡边麻友,61.66,2012/11/5
Lovers Again 完整版,BENI,60.53,2012/11/5
Always 完整版,西野加奈,59.47,2012/11/5
お手上げララバイ,AKB48,59.03,2012/11/5
Only 完整版,IsamU,58.84,2012/11/5
Missing Piece 完整版,中山优马,58.4,2012/11/5
初恋 完整版,中岛美嘉,94.95,2012/11/12
@流し,宇多田光,94.58,2012/11/12
旅立ちのとき 完整版,AKB48,88.46,2012/11/12
I Love You 完整版,BENI,86.72,2012/11/12
AKBフェスティバル 完整版,AKB48,85.8,2012/11/12
NEXT MY SELF,真野惠里菜,77.05,2012/11/12
ヒカルものたち 完整版,渡边麻友,76.43,2012/11/12
Song 4 u 完整版,滨崎步,72.82,2012/11/12
孤な星空,AKB48,71.18,2012/11/12
恋しくて 完整版,田来未,69.63,2012/11/12
MELROSE ～郅丹胜ぜs束～ 完整版,EXILE ATSUSHI,66.99,2012/11/12
UZA,AKB48,66.58,2012/11/12
アイノビ`ト Dance Ver.,Kis-My-Ft2,65.56,2012/11/12
DEEPNESS,MISIA,64.12,2012/11/12
V.I.P,シド(SID),59.57,2012/11/12
アイノビ`ト Rock Ver.,Kis-My-Ft2,58.97,2012/11/12
HALLOWEEN PARTY,VAMPS HYDE,58.13,2012/11/12
恋人がサンタクロ`ス 完整版,Flower,57.88,2012/11/12
Always 完整版,西野加奈,57.55,2012/11/12
@流し,宇多田光,92.72,2012/11/19
AKBフェスティバル 完整版,AKB48,91.23,2012/11/19
初恋 完整版,中岛美嘉,85.95,2012/11/19
I Love You 完整版,BENI,83.13,2012/11/19
旅立ちのとき 完整版,AKB48,80.85,2012/11/19
ヒカルものたち 完整版,渡边麻友,80.36,2012/11/19
孤な星空,AKB48,76.4,2012/11/19
UZA,AKB48,74.05,2012/11/19
Song 4 u 完整版,滨崎步,72.8,2012/11/19
WHITE LOVERS -幸せなトキ-,GACKT,72.76,2012/11/19
The End of the Dream 完整版,Luna sea,70.78,2012/11/19
NEXT MY SELF,真野惠里菜,68.96,2012/11/19
W_だけの物Z 完整版,神谷浩史 小野大辅,68.69,2012/11/19
MELROSE ～郅丹胜ぜs束～ 完整版,EXILE ATSUSHI,65.82,2012/11/19
アイノビ`ト Dance Ver.,Kis-My-Ft2,64.11,2012/11/19
素长嗜角vS 完整版,AKB48,63.92,2012/11/19
恋しくて 完整版,田来未,62.14,2012/11/19
HALLOWEEN PARTY,VAMPS HYDE,61.88,2012/11/19
恋人がサンタクロ`ス 完整版,Flower,60.92,2012/11/19
永hプレッシャ` 完整版,AKB48,95.8,2012/11/26
Good-bye days ～2012 ver.～,YUI,85.33,2012/11/26
@流し,宇多田光,84.16,2012/11/26
I Love You 完整版,BENI,82.97,2012/11/26
AKBフェスティバル 完整版,AKB48,82.38,2012/11/26
WHITE LOVERS -幸せなトキ-,GACKT,80.08,2012/11/26
MONSTERS 完整版,山下智久 SMAP,79.92,2012/11/26
初恋 完整版,中岛美嘉,78.98,2012/11/26
Lovely Fruit,水树奈奈,78.91,2012/11/26
ヒカルものたち 完整版,渡边麻友,78.89,2012/11/26
孤な星空,AKB48,77.6,2012/11/26
UZA,AKB48,76.08,2012/11/26
旅立ちのとき 完整版,AKB48,75.26,2012/11/26
Song 4 u 完整版,滨崎步,66.8,2012/11/26
Marshmallow day 完整版,Mr.Children,63.5,2012/11/26
W_だけの物Z 完整版,神谷浩史 小野大辅,62.29,2012/11/26
恋しくて 完整版,田来未,60.14,2012/11/26
HALLOWEEN PARTY,VAMPS HYDE,59.9,2012/11/26
36度,flumpool,58.98,2012/11/26
Damage 完整版,安室奈美惠,96.29,2012/12/3
とっておきクリスマス,AKB48,95.93,2012/12/3
MONSTERS 完整版,山下智久 SMAP,87.98,2012/12/3
Sweet Scar,滨崎步,85.23,2012/12/3
永hプレッシャ` 完整版,AKB48,78.75,2012/12/3
Naked Night,松下优也,78.53,2012/12/3
Good-bye days ～2012 ver.～,YUI,76.84,2012/12/3
Bloom,EXILE,75.68,2012/12/3
UZA,AKB48,75.01,2012/12/3
ヒカルものたち 完整版,渡边麻友,74.44,2012/12/3
Wake Me Up,滨崎步,73.77,2012/12/3
@流し,宇多田光,73.35,2012/12/3
永远より续くように,AKB48,72.58,2012/12/3
AKBフェスティバル 完整版,AKB48,72.42,2012/12/3
I Love You 完整版,BENI,72.17,2012/12/3
孤な星空,AKB48,71.09,2012/12/3
Snowy Kiss,滨崎步,70.69,2012/12/3
WONDER Volt,木村カエラ,70.23,2012/12/3
初恋 完整版,中岛美嘉,66.57,2012/12/3
旅立ちのとき 完整版,AKB48,64.02,2012/12/3
まさか 完整版,河西智美,91.07,2012/12/10
Damage 完整版,安室奈美惠,90.47,2012/12/10
World Quest 完整版,NEWS,90.19,2012/12/10
イヤイヤYO~!! 完整版,铃木福,88.99,2012/12/10
とっておきクリスマス,AKB48,85.73,2012/12/10
Sweet Scar,滨崎步,82.75,2012/12/10
MONSTERS 完整版,山下智久 SMAP,82.3,2012/12/10
Naked Night,松下优也,77.1,2012/12/10
UZA,AKB48,76.24,2012/12/10
永hプレッシャ` 完整版,AKB48,75.8,2012/12/10
ヒカルものたち 完整版,渡边麻友,75.19,2012/12/10
Good-bye days ～2012 ver.～,YUI,75.19,2012/12/10
ネコニャンニャンニャン 犬ワンワンワン カエルもアヒルもガ`ガ`ガ`,铃木福 谷花音,75.16,2012/12/10
孤な星空,AKB48,73.53,2012/12/10
I Love You 完整版,BENI,73.31,2012/12/10
Bloom,EXILE,72.81,2012/12/10
@流し,宇多田光,72.54,2012/12/10
Wake Me Up,滨崎步,72.06,2012/12/10
AKBフェスティバル 完整版,AKB48,70.93,2012/12/10
初恋 完整版,中岛美嘉,68.3,2012/12/10
さ 完整版,仓木麻衣,95.82,2012/12/17
ホイッスル~君と^ごした日々~ 完整版,miwa,89.18,2012/12/17
Miss You 完整版,AAA,88.41,2012/12/17
もしも私が空に住んでいたら 完整版,岩佐美D,85.84,2012/12/17
REVERSI 完整版,UVERworld,84.33,2012/12/17
Damage 完整版,安室奈美惠,82.85,2012/12/17
まさか 完整版,河西智美,81.46,2012/12/17
とっておきクリスマス,AKB48,81.07,2012/12/17
Say!!いっぱい 完整版,小野惠令奈,75.13,2012/12/17
MONSTERS 完整版,山下智久 SMAP,73.27,2012/12/17
ヒカルものたち 完整版,渡边麻友,72.8,2012/12/17
孤な星空,AKB48,71.51,2012/12/17
UZA,AKB48,71.32,2012/12/17
World Quest 完整版,NEWS,67.42,2012/12/17
Naked Night,松下优也,67.32,2012/12/17
I Love You 完整版,BENI,66.95,2012/12/17
Sweet Scar,滨崎步,65.16,2012/12/17
イヤイヤYO~!! 完整版,铃木福,65.05,2012/12/17
初恋 完整版,中岛美嘉,64.88,2012/12/17
Good-bye days ～2012 ver.～,YUI,64.64,2012/12/17
キリギリス人 完整版,No3b,96,2012/12/24
さ 完整版,仓木麻衣,95.99,2012/12/24
ホイッスル~君と^ごした日々~ 完整版,miwa,91.94,2012/12/24
Miss You 完整版,AAA,79.98,2012/12/24
とっておきクリスマス,AKB48,79.41,2012/12/24
Damage 完整版,安室奈美惠,73.93,2012/12/24
まさか 完整版,河西智美,72.45,2012/12/24
Say!!いっぱい 完整版,小野惠令奈,71.02,2012/12/24
ヒカルものたち 完整版,渡边麻友,70.57,2012/12/24
孤な星空,AKB48,69.79,2012/12/24
Sweet Scar,滨崎步,68.21,2012/12/24
UZA,AKB48,67.86,2012/12/24
REVERSI 完整版,UVERworld,67.05,2012/12/24
もしも私が空に住んでいたら 完整版,岩佐美D,63.12,2012/12/24
World Quest 完整版,NEWS,62.76,2012/12/24
MONSTERS 完整版,山下智久 SMAP,62.34,2012/12/24
I Love You 完整版,BENI,61.61,2012/12/24
@流し,宇多田光,59.97,2012/12/24
イヤイヤYO~!! 完整版,铃木福,57.99,2012/12/24
初恋 完整版,中岛美嘉,57.04,2012/12/24
さ 完整版,仓木麻衣,96.01,2012/12/31
ホイッスル~君と^ごした日々~ 完整版,miwa,88.65,2012/12/31
キリギリス人 完整版,No3b,87.13,2012/12/31
孤な星空,AKB48,82.52,2012/12/31
ヒカルものたち 完整版,渡边麻友,78.9,2012/12/31
Miss You 完整版,AAA,78.36,2012/12/31
UZA,AKB48,76.62,2012/12/31
Damage 完整版,安室奈美惠,72.92,2012/12/31
World Quest 完整版,NEWS,71.3,2012/12/31
とっておきクリスマス,AKB48,70.95,2012/12/31
まさか 完整版,河西智美,68.15,2012/12/31
Say!!いっぱい 完整版,小野惠令奈,66.65,2012/12/31
もしも私が空に住んでいたら 完整版,岩佐美D,66.05,2012/12/31
I Love You 完整版,BENI,65.77,2012/12/31
REVERSI 完整版,UVERworld,65.19,2012/12/31
Sweet Scar,滨崎步,63.93,2012/12/31
MONSTERS 完整版,山下智久 SMAP,62.39,2012/12/31
初恋 完整版,中岛美嘉,61.56,2012/12/31
イヤイヤYO~!! 完整版,铃木福,60.54,2012/12/31
@流し,宇多田光,59.02,2012/12/31
ミステリ` ヴァ`ジン 完整版,山田凉介,97.74,2013/1/7
证明 完整版,flumpool,90.16,2013/1/7
Moon light 完整版,山田凉介,89.34,2013/1/7
ふりそで`しょん 完整版,きゃり`ぱみゅぱみゅ,83.83,2013/1/7
Deeper Deeper 完整版,ONE OK ROCK,83.02,2013/1/7
White Love 完整版,すた`ふらわ`,75.14,2013/1/7
さ 完整版,仓木麻衣,72.93,2013/1/7
キリギリス人 完整版,No3b,69.55,2013/1/7
孤な星空,AKB48,67.98,2013/1/7
约束 完整版,东京女子流,67.51,2013/1/7
ホイッスル~君と^ごした日々~ 完整版,miwa,67.14,2013/1/7
ヒカルものたち 完整版,渡边麻友,62.89,2013/1/7
Miss You 完整版,AAA,60.77,2013/1/7
UZA,AKB48,60.37,2013/1/7
い`んじゃね? 完整版,No3b,57.68,2013/1/7
Damage 完整版,安室奈美惠,57.22,2013/1/7
もしも私が空に住んでいたら 完整版,岩佐美D,56.73,2013/1/7
とっておきクリスマス,AKB48,55.37,2013/1/7
まさか 完整版,河西智美,55.04,2013/1/7
I Love You 完整版,BENI,54.15,2013/1/7
ミステリ` ヴァ`ジン 完整版,山田凉介,93.91,2013/1/14
Help Me!! 完整版,早安少女组,88.36,2013/1/14
Moon light 完整版,山田凉介,87.62,2013/1/14
证明 完整版,flumpool,87.44,2013/1/14
この街 完整版,℃-ute,84.49,2013/1/14
ふりそで`しょん 完整版,きゃり`ぱみゅぱみゅ,76.8,2013/1/14
さ 完整版,仓木麻衣,74.94,2013/1/14
约束 完整版,东京女子流,74.01,2013/1/14
ホイッスル~君と^ごした日々~ 完整版,miwa,74,2013/1/14
い`んじゃね? 完整版,No3b,72.15,2013/1/14
孤な星空,AKB48,71.7,2013/1/14
Deeper Deeper 完整版,ONE OK ROCK,71.32,2013/1/14
キリギリス人 完整版,No3b,69.05,2013/1/14
ヘンテコリ`ナ 完整版,すた`ふらわ`,68.46,2013/1/14
まさか 完整版,河西智美,64.77,2013/1/14
ヒカルものたち 完整版,渡边麻友,63.01,2013/1/14
White Love 完整版,すた`ふらわ`,61.98,2013/1/14
Miss You 完整版,AAA,61.25,2013/1/14
永hプレッシャ` 完整版,AKB48,60.22,2013/1/14
breakthrough 完整版,川x要,58.17,2013/1/14
Melody 完整版,滨崎步,93.14,2013/1/21
ミステリ` ヴァ`ジン 完整版,山田凉介,92.51,2013/1/21
Moon light 完整版,山田凉介,85.44,2013/1/21
ヘンテコリ`ナ 完整版,すた`ふらわ`,83.96,2013/1/21
证明 完整版,flumpool,82.15,2013/1/21
ON AND ON 完整版,Every Little Thing,81.84,2013/1/21
うつくしい人,moumoon,78.16,2013/1/21
Help Me!! 完整版,早安少女组,76.52,2013/1/21
さ 完整版,仓木麻衣,74.68,2013/1/21
ふりそで`しょん 完整版,きゃり`ぱみゅぱみゅ,74.11,2013/1/21
孤な星空,AKB48,70.9,2013/1/21
Deeper Deeper 完整版,ONE OK ROCK,70.7,2013/1/21
ホイッスル~君と^ごした日々~ 完整版,miwa,69.94,2013/1/21
この街 完整版,℃-ute,69.88,2013/1/21
ヒカルものたち 完整版,渡边麻友,65.25,2013/1/21
约束 完整版,东京女子流,63.97,2013/1/21
キリギリス人 完整版,No3b,62.93,2013/1/21
Miss You 完整版,AAA,62.17,2013/1/21
い`んじゃね? 完整版,No3b,60.88,2013/1/21
White Love 完整版,すた`ふらわ`,57.15,2013/1/21
ミステリ` ヴァ`ジン 完整版,山田凉介,88.68,2013/1/28
ラブリ` 完整版,田来未,88.44,2013/1/28
ちいさな足E,绚香,88.08,2013/1/28
TRY AGAIN 完整版,仓木麻衣,85.98,2013/1/28
Melody 完整版,滨崎步,83.55,2013/1/28
Moon light 完整版,山田凉介,82.63,2013/1/28
PUSH YOUR BACK 完整版,TRF,82.56,2013/1/28
Ahead Of The Light 完整版,雅-miyavi-,81.96,2013/1/28
チョコの奴隶 完整版,SKE48,79.36,2013/1/28
うつくしい人,moumoon,76.12,2013/1/28
ふりそで`しょん 完整版,きゃり`ぱみゅぱみゅ,73.27,2013/1/28
证明 完整版,flumpool,72.6,2013/1/28
ホイッスル~君と^ごした日々~ 完整版,miwa,68.76,2013/1/28
ヘンテコリ`ナ 完整版,すた`ふらわ`,66.29,2013/1/28
さ 完整版,仓木麻衣,65.88,2013/1/28
ヒカルものたち 完整版,渡边麻友,64.32,2013/1/28
Help Me!! 完整版,早安少女组,63.53,2013/1/28
ON AND ON 完整版,Every Little Thing,63.36,2013/1/28
この街 完整版,℃-ute,60.82,2013/1/28
TRY AGAIN 完整版,仓木麻衣,96.21,2013/2/4
ショ`トケ`キ 完整版,柏木由纪,95.25,2013/2/4
EXPOSE 完整版,KAT-TUN,93.85,2013/2/4
ミステリ` ヴァ`ジン 完整版,山田凉介,84.99,2013/2/4
LOVER,m-flo 加藤ミリヤ,83.7,2013/2/4
12月31日 完整版,NMB48,83.61,2013/2/4
Connect & Go 完整版,KAT-TUN,83.42,2013/2/4
Moon light 完整版,山田凉介,79.75,2013/2/4
Dreamer 完整版,JUJU,78.75,2013/2/4
Snowflake 完整版,KAT-TUN,77.43,2013/2/4
チョコの奴隶 完整版,SKE48,70.44,2013/2/4
Melody 完整版,滨崎步,70.19,2013/2/4
ちいさな足E,绚香,69.51,2013/2/4
イロトリドリ 完整版,柚子乐队,68.96,2013/2/4
ラブリ` 完整版,田来未,67.44,2013/2/4
さ 完整版,仓木麻衣,65.98,2013/2/4
证明 完整版,flumpool,65.85,2013/2/4
うつくしい人,moumoon,65.08,2013/2/4
Ahead Of The Light 完整版,雅-miyavi-,63.97,2013/2/4
So Long !,AKB48,98.51,2013/2/11
未来のミュ`ジアム,Perfume,87,2013/2/11
ショ`トケ`キ 完整版,柏木由纪,84.74,2013/2/11
TRY AGAIN 完整版,仓木麻衣,82.91,2013/2/11
@Color,GReeeeN,81.72,2013/2/11
My Resistance -タシカナモノ- 完整版,Kis-My-Ft2,81.22,2013/2/11
ミステリ` ヴァ`ジン 完整版,山田凉介,79.15,2013/2/11
Sugar Rush,AKB48,78.89,2013/2/11
beautiful,绚香,76.44,2013/2/11
Moon light 完整版,山田凉介,74,2013/2/11
Slide 'n' Step 完整版,KEITA,73.81,2013/2/11
EXPOSE 完整版,KAT-TUN,72.91,2013/2/11
\命Girl 完整版,Kis-My-Ft2,72.12,2013/2/11
12月31日 完整版,NMB48,70.01,2013/2/11
Ruby,AKB48,63.5,2013/2/11
Connect & Go 完整版,KAT-TUN,63.03,2013/2/11
Dreamer 完整版,JUJU,62.1,2013/2/11
そこで犬のうんち踏んじゃうかね?,AKB48,59.49,2013/2/11
チョコの奴隶 完整版,SKE48,59.46,2013/2/11
Snowflake 完整版,KAT-TUN,59.18,2013/2/11
So Long !,AKB48,91.2,2013/2/18
Sugar Rush,AKB48,91.01,2013/2/18
ToxxxIC 完整版,平野绫,90.95,2013/2/18
PARTY IT UP,AAA,84.76,2013/2/18
Tears In 完整版,ピコ,79.68,2013/2/18
でこぼこ 完整版,植村花菜,77.56,2013/2/18
ミステリ` ヴァ`ジン 完整版,山田凉介,77.28,2013/2/18
TRY AGAIN 完整版,仓木麻衣,76.96,2013/2/18
未来のミュ`ジアム,Perfume,76.72,2013/2/18
Ruby,AKB48,76.5,2013/2/18
Slide 'n' Step 完整版,KEITA,76.07,2013/2/18
ショ`トケ`キ 完整版,柏木由纪,75.48,2013/2/18
@Color,GReeeeN,75.19,2013/2/18
Moon light 完整版,山田凉介,73.42,2013/2/18
beautiful,绚香,73.42,2013/2/18
My Resistance -タシカナモノ- 完整版,Kis-My-Ft2,72.33,2013/2/18
そこで犬のうんち踏んじゃうかね?,AKB48,71.36,2013/2/18
ピンクスパイダ`,田来未,68.3,2013/2/18
Waitting Room,AKB48,68.2,2013/2/18
夕マリ`,AKB48,64.57,2013/2/18
Breathless 完整版,岚,88.83,2013/2/25
ねぇかまって? 完整版,Milky Bunny,88.23,2013/2/25
CANDY SMILE 完整版,E-Girls,87.62,2013/2/25
Calling 完整版,岚,84.7,2013/2/25
ピンクスパイダ`,田来未,84.42,2013/2/25
So Long !,AKB48,83.56,2013/2/25
Sugar Rush,AKB48,78.73,2013/2/25
Yin Yang(イヤン),桑田佳v,78.46,2013/2/25
OAOA 日文版,flumpool,76.52,2013/2/25
ミステリ` ヴァ`ジン 完整版,山田凉介,76.17,2013/2/25
君があの日笑っていた意味を 完整版,小野惠令奈,76.12,2013/2/25
PARTY IT UP,AAA,75.66,2013/2/25
@Color,GReeeeN,74.94,2013/2/25
30,Ms.OOJA,74.01,2013/2/25
サヨナラにさよなら 完整版,Tegomass,73.2,2013/2/25
未来のミュ`ジアム,Perfume,73.19,2013/2/25
ToxxxIC 完整版,平野绫,72.31,2013/2/25
Love Hunter,ROOT FIVE,72.2,2013/2/25
ショ`トケ`キ 完整版,柏木由纪,70.11,2013/2/25
Moon light 完整版,山田凉介,69.89,2013/2/25
Big Boys Cry 完整版,安室奈美惠,95.9,2013/3/4
ABAYO 完整版,惠比寿マスカッツ,88.09,2013/3/4
Breathless 完整版,岚,86.39,2013/3/4
Calling 完整版,岚,81.35,2013/3/4
What's your name? collaboration with 蜜 完整版,SoulJa 中村舞子,80.48,2013/3/4
サヨナラにさよなら 完整版,Tegomass,78.56,2013/3/4
Crazy 完全な大人 完整版,℃-ute,76.89,2013/3/4
ミステリ` ヴァ`ジン 完整版,山田凉介,76.25,2013/3/4
So Long !,AKB48,75.57,2013/3/4
ニコラ 完整版,坂本真绫,73.97,2013/3/4
Real 完整版,玉置成实,72.6,2013/3/4
ハリネズミの恋,Every Little Thing,72.12,2013/3/4
Moon light 完整版,山田凉介,70.39,2013/3/4
Sugar Rush,AKB48,67.57,2013/3/4
Yin Yang(イヤン),桑田佳v,67.2,2013/3/4
ねぇかまって? 完整版,Milky Bunny,66.45,2013/3/4
CANDY SMILE 完整版,E-Girls,64.24,2013/3/4
ショ`トケ`キ 完整版,柏木由纪,63.12,2013/3/4
PARTY IT UP,AAA,62.31,2013/3/4
ピンクスパイダ`,田来未,62.29,2013/3/4
にんじゃりばんばん,きゃり`ぱみゅぱみゅ,94.96,2013/3/11
Big Boys Cry 完整版,安室奈美惠,82.79,2013/3/11
Breathless 完整版,岚,81.98,2013/3/11
ミステリ` ヴァ`ジン 完整版,山田凉介,79.36,2013/3/11
Crazy 完全な大人 完整版,℃-ute,76.88,2013/3/11
Mistake! 完整版,SMAP,76.59,2013/3/11
Calling 完整版,岚,76.48,2013/3/11
Neo STARGATE 完整版,ももいろクロ`バ`Z,75.5,2013/3/11
ABAYO 完整版,惠比寿マスカッツ,75.43,2013/3/11
Moon light 完整版,山田凉介,74.65,2013/3/11
Real 完整版,玉置成实,73.43,2013/3/11
So Long !,AKB48,70.92,2013/3/11
サヨナラにさよなら 完整版,Tegomass,70.09,2013/3/11
What's your name? collaboration with 蜜 完整版,SoulJa 中村舞子,67.12,2013/3/11
Yin Yang(イヤン),桑田佳v,66.06,2013/3/11
Sugar Rush,AKB48,65.87,2013/3/11
ハリネズミの恋,Every Little Thing,65.85,2013/3/11
Battery,SMAP,62.5,2013/3/11
ねぇかまって? 完整版,Milky Bunny,61.26,2013/3/11
ショ`トケ`キ 完整版,柏木由纪,60.09,2013/3/11
怪.セラ.セラ 完整版,山下智久,96.99,2013/3/18
今日から思い出 完整版,Aimer,92.47,2013/3/18
Jane Doe 完整版,高桥南,87.67,2013/3/18
Redial,livetune 初音未来,84.62,2013/3/18
LOVE STORY,加藤ミリヤ 清水翔太,82.94,2013/3/18
君の名は希望 -DANCE & LIP ver.-,乃木坂46,82.85,2013/3/18
にんじゃりばんばん,きゃり`ぱみゅぱみゅ,79.26,2013/3/18
ブレインスト`ミング,早安少女组,78.7,2013/3/18
スキ!スキ!スキップ! 完整版,HKT48,78.08,2013/3/18
ミステリ` ヴァ`ジン 完整版,山田凉介,73.74,2013/3/18
Big Boys Cry 完整版,安室奈美惠,69.52,2013/3/18
Moon light 完整版,山田凉介,69.19,2013/3/18
Breathless 完整版,岚,68.66,2013/3/18
EXILE PRIDE ～こんな世界を郅工毪郡帷 (Document Version)Directed by Koichi Makino,EXILE,68.59,2013/3/18
So Long !,AKB48,64.79,2013/3/18
ABAYO 完整版,惠比寿マスカッツ,62.02,2013/3/18
Sugar Rush,AKB48,61.39,2013/3/18
Calling 完整版,岚,60.35,2013/3/18
Crazy 完全な大人 完整版,℃-ute,58.95,2013/3/18
ショ`トケ`キ 完整版,柏木由纪,57.03,2013/3/18
今日から思い出 完整版,Aimer,90.04,2013/3/25
怪.セラ.セラ 完整版,山下智久,89.8,2013/3/25
掌がZること,AKB48,88.6,2013/3/25
Jane Doe 完整版,高桥南,86.13,2013/3/25
RE:I AM 完整版,Aimer,82.87,2013/3/25
恋におちて 完整版,シド(SID),80.45,2013/3/25
にんじゃりばんばん,きゃり`ぱみゅぱみゅ,79.96,2013/3/25
ミステリ` ヴァ`ジン 完整版,山田凉介,75.51,2013/3/25
Redial,livetune 初音未来,74.36,2013/3/25
Moon light 完整版,山田凉介,72.44,2013/3/25
リインカ`ネ`ション,パナシェ！,70.91,2013/3/25
カノン 完整版,宫野真守,70.54,2013/3/25
LOVE STORY,加藤ミリヤ 清水翔太,70.09,2013/3/25
S.O.S. -Smile On Smile-,Kis-My-Ft2,67.98,2013/3/25
Breathless 完整版,岚,66.3,2013/3/25
ブレインスト`ミング,早安少女组,65.26,2013/3/25
君の名は希望 -DANCE & LIP ver.-,乃木坂46,63.27,2013/3/25
Big Boys Cry 完整版,安室奈美惠,61.61,2013/3/25
この妞蚓に捧ぐ 完整版,NO NAME,89.7,2013/4/1
さつきあめ 完整版,BENI,89.11,2013/4/1
怪.セラ.セラ 完整版,山下智久,89.01,2013/4/1
掌がZること,AKB48,86.69,2013/4/1
カノン 完整版,宫野真守,86.42,2013/4/1
今日から思い出 完整版,Aimer,84.9,2013/4/1
イカロス 完整版,GReeeeN,84.78,2013/4/1
ワンモアタイム,齐藤和义,82.36,2013/4/1
ミステリ` ヴァ`ジン 完整版,山田凉介,81.37,2013/4/1
Jane Doe 完整版,高桥南,78.31,2013/4/1
Moon light 完整版,山田凉介,77.58,2013/4/1
RE:I AM 完整版,Aimer,76.53,2013/4/1
にんじゃりばんばん,きゃり`ぱみゅぱみゅ,75.86,2013/4/1
STEP IN TO THE NEW WORLD! 完整版,土屋安娜 气志团,75.59,2013/4/1
Redial,livetune 初音未来,72.65,2013/4/1
簸浃证欷-I DREAMED A DREAM-,华原朋美,71.62,2013/4/1
LOVE STORY,加藤ミリヤ 清水翔太,70.27,2013/4/1
恋におちて 完整版,シド(SID),69.95,2013/4/1
手,TOKIO,69.67,2013/4/1
怪.セラ.セラ 完整版,山下智久,91.69,2013/4/8
ミステリ` ヴァ`ジン 完整版,山田凉介,87.63,2013/4/8
今日から思い出 完整版,Aimer,86.36,2013/4/8
この妞蚓に捧ぐ 完整版,NO NAME,85.34,2013/4/8
Q生日には真白な百合を 完整版,福山雅治,85.18,2013/4/8
Moon light 完整版,山田凉介,83.02,2013/4/8
掌がZること,AKB48,80.05,2013/4/8
カノン 完整版,宫野真守,78.34,2013/4/8
さつきあめ 完整版,BENI,77.84,2013/4/8
Jane Doe 完整版,高桥南,76.83,2013/4/8
にんじゃりばんばん,きゃり`ぱみゅぱみゅ,76.47,2013/4/8
STEP IN TO THE NEW WORLD! 完整版,土屋安娜 气志团,73.96,2013/4/8
恋におちて 完整版,シド(SID),73.11,2013/4/8
RE:I AM 完整版,Aimer,71.53,2013/4/8
Redial,livetune 初音未来,71.2,2013/4/8
イカロス 完整版,GReeeeN,70.84,2013/4/8
Breathless 完整版,岚,68.42,2013/4/8
簸浃证欷-I DREAMED A DREAM-,华原朋美,65.22,2013/4/8
リインカ`ネ`ション,パナシェ！,64.33,2013/4/8
LOVE STORY,加藤ミリヤ 清水翔太,63.59,2013/4/8
墼~(あいことば),中岛美嘉,90.21,2013/4/15
4月の雨 完整版,aiko,87.04,2013/4/15
一千一秒 完整版,EXILE TAKAHIRO,85.74,2013/4/15
今日から思い出 完整版,Aimer,80.56,2013/4/15
Rockの定x 完整版,早安少女组,80.04,2013/4/15
怪.セラ.セラ 完整版,山下智久,79.74,2013/4/15
掌がZること,AKB48,77.88,2013/4/15
この妞蚓に捧ぐ 完整版,NO NAME,73.53,2013/4/15
Jane Doe 完整版,高桥南,68.82,2013/4/15
さつきあめ 完整版,BENI,67.39,2013/4/15
Q生日には真白な百合を 完整版,福山雅治,67.35,2013/4/15
とよす☆ルシフェリン 完整版,栗山千明,67.35,2013/4/15
カノン 完整版,宫野真守,65.47,2013/4/15
Breathless 完整版,岚,64.41,2013/4/15
恋におちて 完整版,シド(SID),63.07,2013/4/15
イカロス 完整版,GReeeeN,62.02,2013/4/15
ブレインスト`ミング,早安少女组,61.66,2013/4/15
にんじゃりばんばん,きゃり`ぱみゅぱみゅ,61.24,2013/4/15
RE:I AM 完整版,Aimer,61.13,2013/4/15
Redial,livetune 初音未来,60.79,2013/4/15
After Rain,AKB48,88.76,2013/4/22
"会わないつもりの,元荬扦 完整版",SCANDAL,88.57,2013/4/22
墼~(あいことば),中岛美嘉,87.19,2013/4/22
Mine 完整版,河西智美,86.14,2013/4/22
4月の雨 完整版,aiko,82.29,2013/4/22
ミラクル 完整版,miwa,82.01,2013/4/22
Message 完整版,家入レオ,81.52,2013/4/22
虹,SPYAIR,79.73,2013/4/22
RPG,SEKAI NO OWARI,76.38,2013/4/22
掌がZること,AKB48,73.74,2013/4/22
へそ曲がり,vジャニ∞,73.69,2013/4/22
怪.セラ.セラ 完整版,山下智久,73.61,2013/4/22
今日から思い出 完整版,Aimer,72.86,2013/4/22
Real Sexy! 完整版,Sexy Zone,72.48,2013/4/22
"それでも,生きてゆく 完整版",EXILE ATSUSHI,71.06,2013/4/22
LAND,柚子乐队,70.91,2013/4/22
ここにしかない景色,vジャニ∞,69.95,2013/4/22
この妞蚓に捧ぐ 完整版,NO NAME,67.31,2013/4/22
一千一秒 完整版,EXILE TAKAHIRO,66.15,2013/4/22
さつきあめ 完整版,BENI,65.36,2013/4/22
After Rain,AKB48,92.46,2013/4/29
Real Sexy! 完整版,Sexy Zone,83.48,2013/4/29
HEROES,GReeeeN,83.04,2013/4/29
\命 完整版,东京女子流,80.08,2013/4/29
墼~(あいことば),中岛美嘉,77.91,2013/4/29
"会わないつもりの,元荬扦 完整版",SCANDAL,77.07,2013/4/29
Mine 完整版,河西智美,73.89,2013/4/29
今日から思い出 完整版,Aimer,73.76,2013/4/29
4月の雨 完整版,aiko,73.48,2013/4/29
怪.セラ.セラ 完整版,山下智久,72.28,2013/4/29
ミラクル 完整版,miwa,69.6,2013/4/29
虹,SPYAIR,69.54,2013/4/29
掌がZること,AKB48,68.01,2013/4/29
ここにしかない景色,vジャニ∞,64.41,2013/4/29
RPG,SEKAI NO OWARI,64.1,2013/4/29
Message 完整版,家入レオ,63.33,2013/4/29
にんじゃりばんばん,きゃり`ぱみゅぱみゅ,62.88,2013/4/29
へそ曲がり,vジャニ∞,61.14,2013/4/29
Breathless 完整版,岚,61.1,2013/4/29
一千一秒 完整版,EXILE TAKAHIRO,59.88,2013/4/29
Magic of Love 完整版,Perfume,94.77,2013/5/6
A 混沌,中川翔子,86.62,2013/5/6
インベ`ダ`インベ`ダ`,きゃり`ぱみゅぱみゅ,85.76,2013/5/6
いろはにほへと,椎名林檎,82.77,2013/5/6
After Rain,AKB48,73.45,2013/5/6
幸先坂,真木阳子,71.69,2013/5/6
"会わないつもりの,元荬扦 完整版",SCANDAL,67.6,2013/5/6
Enjoy Your Life! 完整版,河西智美 AKB48,65.38,2013/5/6
HEROES,GReeeeN,64.88,2013/5/6
ミラクル 完整版,miwa,64.38,2013/5/6
4月の雨 完整版,aiko,63.08,2013/5/6
怪.セラ.セラ 完整版,山下智久,62.51,2013/5/6
今日から思い出 完整版,Aimer,61.56,2013/5/6
Real Sexy! 完整版,Sexy Zone,60.82,2013/5/6
Mine 完整版,河西智美,60.67,2013/5/6
墼~(あいことば),中岛美嘉,58.84,2013/5/6
にんじゃりばんばん,きゃり`ぱみゅぱみゅ,58.64,2013/5/6
掌がZること,AKB48,57.36,2013/5/6
さよならクロ`ル 完整版,AKB48,98.14,2013/5/13
ハステとワステ(BKA48),AKB48,82.3,2013/5/13
FACE to Face 完整版,KAT-TUN,81.36,2013/5/13
猫中毒,Tegomass,80.64,2013/5/13
Flash 完整版,KAT-TUN,74.78,2013/5/13
Delight 完整版,miwa,74.52,2013/5/13
How come ?,AKB48,73.7,2013/5/13
Precious 完整版,May J.,72.59,2013/5/13
After Rain,AKB48,68.42,2013/5/13
ロマンス拳|,AKB48,67.47,2013/5/13
Magic of Love 完整版,Perfume,66.74,2013/5/13
いろはにほへと,椎名林檎,65.89,2013/5/13
"会わないつもりの,元荬扦 完整版",SCANDAL,65.44,2013/5/13
インベ`ダ`インベ`ダ`,きゃり`ぱみゅぱみゅ,64.78,2013/5/13
A 混沌,中川翔子,64.55,2013/5/13
イキルコト,AKB48,64.09,2013/5/13
Preserved Roses,水树奈奈 T.M.Revolution,62.8,2013/5/13
Enjoy Your Life! 完整版,河西智美 AKB48,62.07,2013/5/13
HEROES,GReeeeN,61.97,2013/5/13
今日から思い出 完整版,Aimer,56.22,2013/5/13
1%,板野友美,98.58,2013/5/20
Endless Game 完整版,岚,89.77,2013/5/20
Believe 完整版,西野加奈,84.62,2013/5/20
Magic feat. AKLO 完整版,KEITA,82.7,2013/5/20
さよならクロ`ル 完整版,AKB48,82.26,2013/5/20
ハステとワステ(BKA48),AKB48,81.65,2013/5/20
How come ?,AKB48,70.11,2013/5/20
Preserved Roses,水树奈奈 T.M.Revolution,67.56,2013/5/20
Magic of Love 完整版,Perfume,66.57,2013/5/20
Flash 完整版,KAT-TUN,66.19,2013/5/20
猫中毒,Tegomass,66.1,2013/5/20
FACE to Face 完整版,KAT-TUN,65.63,2013/5/20
Delight 完整版,miwa,64.69,2013/5/20
Eternally 完整版,GLAY,64.32,2013/5/20
REM 完整版,Mr.Children,63.02,2013/5/20
ロマンス拳|,AKB48,61.7,2013/5/20
LuLu!! 完整版,松田圣子,60.9,2013/5/20
いろはにほへと,椎名林檎,60.39,2013/5/20
イキルコト,AKB48,59.67,2013/5/20
After Rain,AKB48,58.51,2013/5/20
Endless Game 完整版,岚,95.24,2013/5/27
1%,板野友美,94.01,2013/5/27
さよならクロ`ル 完整版,AKB48,80.7,2013/5/27
Magic feat. AKLO 完整版,KEITA,80.46,2013/5/27
Believe 完整版,西野加奈,77.97,2013/5/27
ハステとワステ(BKA48),AKB48,76.88,2013/5/27
Flower Song,EXILE,76.04,2013/5/27
Love Is In The Air,AAA,74.6,2013/5/27
Flash 完整版,KAT-TUN,68.57,2013/5/27
猫中毒,Tegomass,68.39,2013/5/27
ゴ`ルデン チャイナタウン 完整版,Berryz工房,67.87,2013/5/27
FACE to Face 完整版,KAT-TUN,66.54,2013/5/27
いつもそばに 完整版,}持明日香,66.54,2013/5/27
How come ?,AKB48,66.01,2013/5/27
Magic of Love 完整版,Perfume,62.18,2013/5/27
いろはにほへと,椎名林檎,60.24,2013/5/27
Preserved Roses,水树奈奈 T.M.Revolution,59.74,2013/5/27
REM 完整版,Mr.Children,59.23,2013/5/27
怪.セラ.セラ 完整版,山下智久,58.54,2013/5/27
今日から思い出 完整版,Aimer,57.06,2013/5/27
Contrail 完整版,安室奈美惠,93.74,2013/6/3
言ノ~,ピコ,89.85,2013/6/3
First Love,May J.,88.84,2013/6/3
1%,板野友美,84.32,2013/6/3
Endless Game 完整版,岚,82.68,2013/6/3
Joy!! 完整版,SMAP,77.61,2013/6/3
Take Five,JUJU,77.51,2013/6/3
Last Love,Rihwa,75.97,2013/6/3
し屋危C一,"SOIL&""PIMP""SESSIONS 椎名林檎",75.91,2013/6/3
メギツネ,BABYMETAL,75.35,2013/6/3
さよならクロ`ル 完整版,AKB48,74.84,2013/6/3
Believe 完整版,西野加奈,73.85,2013/6/3
EMOTION,加藤ミリヤ,73.14,2013/6/3
ガ`ルズル`ル 完整版,乃木坂46,73.08,2013/6/3
ERENA 完整版,小野惠令奈,71.13,2013/6/3
ハステとワステ(BKA48),AKB48,68.39,2013/6/3
Magic feat. AKLO 完整版,KEITA,65.69,2013/6/3
猫中毒,Tegomass,63.92,2013/6/3
Love Is In The Air,AAA,63.23,2013/6/3
Flash 完整版,KAT-TUN,62.54,2013/6/3
Hands On Me 完整版,安室奈美惠,98.36,2013/6/10
Contrail 完整版,安室奈美惠,87.74,2013/6/10
言ノ~,ピコ,87.11,2013/6/10
WOMAN DON'T CRY,清水翔太,85.28,2013/6/10
友_より大事な人,刚力彩芽,81.75,2013/6/10
妞未黏 完整版,vジャニ∞,81.34,2013/6/10
1%,板野友美,79.12,2013/6/10
し屋危C一,"SOIL&""PIMP""SESSIONS 椎名林檎",77.33,2013/6/10
Endless Game 完整版,岚,75.32,2013/6/10
First Love,May J.,74.35,2013/6/10
大切なものは君以外に当たらなくて 完整版,flumpool,72.27,2013/6/10
さよならクロ`ル 完整版,AKB48,71.29,2013/6/10
野蛮なソフトクリ`ム,NMB48,69.4,2013/6/10
メギツネ,BABYMETAL,67.92,2013/6/10
ガ`ルズル`ル 完整版,乃木坂46,67.57,2013/6/10
Last Love,Rihwa,66.59,2013/6/10
ハステとワステ(BKA48),AKB48,65.47,2013/6/10
Joy!! 完整版,SMAP,64.61,2013/6/10
Believe 完整版,西野加奈,64.28,2013/6/10
怪.セラ.セラ 完整版,山下智久,62.88,2013/6/10
Heaven 完整版,安室奈美惠,96.17,2013/6/17
Horizon,雅-miyavi-,90.92,2013/6/17
Hands On Me 完整版,安室奈美惠,90.1,2013/6/17
簸谓Kわり 郅问激蓼,Angela Aki,84.68,2013/6/17
言ノ~,ピコ,84.08,2013/6/17
1%,板野友美,79.35,2013/6/17
Contrail 完整版,安室奈美惠,78.49,2013/6/17
笑颜 完整版,いきものがかり,78.34,2013/6/17
悲しき雨降り 完整版,℃-ute,78.14,2013/6/17
Endless Game 完整版,岚,78.13,2013/6/17
OUR SKY 完整版,BENI,77.99,2013/6/17
"サクラ,散ル",GACKT,77.92,2013/6/17
F状ディストラクション,SPYAIR,77.36,2013/6/17
友_より大事な人,刚力彩芽,76.83,2013/6/17
WOMAN DON'T CRY,清水翔太,74.34,2013/6/17
妞未黏 完整版,vジャニ∞,72.72,2013/6/17
さよならクロ`ル 完整版,AKB48,71.93,2013/6/17
First Love,May J.,70.05,2013/6/17
Joy!! 完整版,SMAP,68.75,2013/6/17
Q&A,B'z,67.08,2013/6/17
Come On A My House 完整版,Hey! Say! JUMP,98.07,2013/6/24
ラッパ中 完整版,渡边麻友,95.47,2013/6/24
AHEAD 完整版,VAMPS,82.68,2013/6/24
F状ディストラクション,SPYAIR,80.38,2013/6/24
Heaven 完整版,安室奈美惠,76.94,2013/6/24
"サクラ,散ル",GACKT,73.64,2013/6/24
言ノ~,ピコ,71.52,2013/6/24
笑颜 完整版,いきものがかり,71.31,2013/6/24
1%,板野友美,70.8,2013/6/24
Hands On Me 完整版,安室奈美惠,70.57,2013/6/24
あなたを胸に生きてゆく 完整版,岛谷瞳,69.59,2013/6/24
Endless Game 完整版,岚,66.36,2013/6/24
他の星から,乃木坂46,65.65,2013/6/24
簸谓Kわり 郅问激蓼,Angela Aki,64.03,2013/6/24
Contrail 完整版,安室奈美惠,62.75,2013/6/24
Horizon,雅-miyavi-,62.41,2013/6/24
さよならクロ`ル 完整版,AKB48,61.99,2013/6/24
友_より大事な人,刚力彩芽,61.53,2013/6/24
OUR SKY 完整版,BENI,60.34,2013/6/24
妞未黏 完整版,vジャニ∞,60.18,2013/6/24
Secret,雅-miyavi-,96.87,2013/7/1
Come On A My House 完整版,Hey! Say! JUMP,91.85,2013/7/1
tの弓矢 完整版,Linked Horizon,89.31,2013/7/1
ラッパ中 完整版,渡边麻友,85.78,2013/7/1
1%,板野友美,80.28,2013/7/1
F状ディストラクション,SPYAIR,80.02,2013/7/1
"サクラ,散ル",GACKT,77.77,2013/7/1
さよならクロ`ル 完整版,AKB48,75.17,2013/7/1
笑颜 完整版,いきものがかり,74.71,2013/7/1
言ノ~,ピコ,74.39,2013/7/1
Heaven 完整版,安室奈美惠,74.31,2013/7/1
はじまりの海 完整版,坂本真绫,72.16,2013/7/1
Horizon,雅-miyavi-,69.33,2013/7/1
Hands On Me 完整版,安室奈美惠,69.13,2013/7/1
AHEAD 完整版,VAMPS,69.04,2013/7/1
Endless Game 完整版,岚,67.12,2013/7/1
簸谓Kわり 郅问激蓼,Angela Aki,65.59,2013/7/1
あなたを胸に生きてゆく 完整版,岛谷瞳,64.11,2013/7/1
友_より大事な人,刚力彩芽,63.33,2013/7/1
WOMAN DON'T CRY,清水翔太,61.65,2013/7/1
tの弓矢 完整版,Linked Horizon,96.74,2013/7/8
太と向日葵 完整版,Flower,89.15,2013/7/8
Come On A My House 完整版,Hey! Say! JUMP,82,2013/7/8
Secret,雅-miyavi-,80.4,2013/7/8
Love Cries 完整版,堂本光一,76.63,2013/7/8
美しいR妻 完整版,SKE48,73.76,2013/7/8
1%,板野友美,73.18,2013/7/8
F状ディストラクション,SPYAIR,70.47,2013/7/8
Loveletter 完整版,aiko,69.88,2013/7/8
"サクラ,散ル",GACKT,68.88,2013/7/8
はじまりの海 完整版,坂本真绫,66.94,2013/7/8
REPLAY 完整版,VAMPS,64.73,2013/7/8
AHEAD 完整版,VAMPS,63.27,2013/7/8
サマラバ 完整版,シド(SID),62.82,2013/7/8
簸谓Kわり 郅问激蓼,Angela Aki,59.2,2013/7/8
あなたを胸に生きてゆく 完整版,岛谷瞳,57.66,2013/7/8
Horizon,雅-miyavi-,57.43,2013/7/8
ガ`ルズル`ル 完整版,乃木坂46,54.94,2013/7/8
WOMAN DON'T CRY,清水翔太,52.43,2013/7/8
After Rain,AKB48,51.15,2013/7/8
キミが思ってるより 完整版,AKB48,98.57,2013/7/15
tの弓矢 完整版,Linked Horizon,81.63,2013/7/15
美しいR妻 完整版,SKE48,81.6,2013/7/15
太と向日葵 完整版,Flower,78.19,2013/7/15
Secret,雅-miyavi-,72.44,2013/7/15
Come On A My House 完整版,Hey! Say! JUMP,71.35,2013/7/15
1%,板野友美,70.72,2013/7/15
Loveletter 完整版,aiko,61.97,2013/7/15
"サクラ,散ル",GACKT,60.67,2013/7/15
F状ディストラクション,SPYAIR,60.22,2013/7/15
Survivors 完整版,THE SECOND from EXILE DJ MAKIDAI,58.57,2013/7/15
サマラバ 完整版,シド(SID),56.55,2013/7/15
SWEET LOVE 完整版,松下优也,56.45,2013/7/15
微幞辚榨欹ぅ 完整版,flumpool,55.72,2013/7/15
Love Cries 完整版,堂本光一,55.43,2013/7/15
After Rain,AKB48,52.74,2013/7/15
Horizon,雅-miyavi-,51.24,2013/7/15
ガ`ルズル`ル 完整版,乃木坂46,50.84,2013/7/15
REPLAY 完整版,VAMPS,50.53,2013/7/15
Believe 完整版,西野加奈,50.45,2013/7/15
キミが思ってるより 完整版,AKB48,95.89,2013/7/22
レディ`マ`メイド 完整版,℃-ute Berryz工房 早安家族,82.27,2013/7/22
STAR LINE 完整版,AMIAYA,82.09,2013/7/22
tの弓矢 完整版,Linked Horizon,79.57,2013/7/22
太と向日葵 完整版,Flower,76.96,2013/7/22
光の果てに,Fairies,76.34,2013/7/22
美しいR妻 完整版,SKE48,73.78,2013/7/22
SWEET LOVE 完整版,松下优也,72.45,2013/7/22
Come On A My House 完整版,Hey! Say! JUMP,71.49,2013/7/22
1%,板野友美,70.14,2013/7/22
Secret,雅-miyavi-,67.29,2013/7/22
君に届け 完整版,家入レオ,65.16,2013/7/22
翼 完整版,平原绫香,62.53,2013/7/22
F状ディストラクション,SPYAIR,61.26,2013/7/22
微幞辚榨欹ぅ 完整版,flumpool,58.83,2013/7/22
"サクラ,散ル",GACKT,58.41,2013/7/22
道しるべ 完整版,EXILE ATSUSHI,58.34,2013/7/22
Loveletter 完整版,aiko,57.83,2013/7/22
Believe 完整版,西野加奈,56.26,2013/7/22
After Rain,AKB48,55.86,2013/7/22
SUMMER NUDE'13 完整版,山下智久,96.22,2013/7/29
キミが思ってるより 完整版,AKB48,89.92,2013/7/29
嫔 完整版,西野加奈,82.84,2013/7/29
郅诬 完整版,早安少女组,82.81,2013/7/29
Vitalization,水树奈奈,80.62,2013/7/29
tの弓矢 完整版,Linked Horizon,80.55,2013/7/29
Nocturne 完整版,山下智久,79.83,2013/7/29
海岸清吣凶 完整版,早安少女组 ℃-ute ANGERME 早安家族,77.67,2013/7/29
下弦の月 -特e公_ver.-,SCANDAL,76.06,2013/7/29
太と向日葵 完整版,Flower,74.23,2013/7/29
レディ`マ`メイド 完整版,℃-ute Berryz工房 早安家族,71.06,2013/7/29
いつも抱きしめて 完整版,DAIGO,70.79,2013/7/29
Come On A My House 完整版,Hey! Say! JUMP,70.63,2013/7/29
STAR LINE 完整版,AMIAYA,70.1,2013/7/29
エイヤサ!ブラザ` 完整版,Berryz工房 ℃-ute 早安家族,69.61,2013/7/29
HANDS UP!,新里宏太,68.71,2013/7/29
1%,板野友美,68.06,2013/7/29
美しいR妻 完整版,SKE48,67.6,2013/7/29
Secret,雅-miyavi-,65.96,2013/7/29
わがまま 荬韦蓼 郅违弗绌`ク 完整版,早安少女组,65.76,2013/7/29
恋するフォ`チュンクッキ` 完整版,AKB48,99.11,2013/8/5
HEY WHAT'S UP? 完整版,赤西仁,93.66,2013/8/5
Wが死のうと思ったのは 完整版,中岛美嘉,82.07,2013/8/5
恋音と雨空,AAA,77.7,2013/8/5
SUMMER NUDE'13 完整版,山下智久,73.68,2013/8/5
キミが思ってるより 完整版,AKB48,72.49,2013/8/5
どうしようか? 完整版,AAA,68.88,2013/8/5
嫔 完整版,西野加奈,66.76,2013/8/5
Kiss You,miwa,66.58,2013/8/5
下弦の月 -特e公_ver.-,SCANDAL,64.39,2013/8/5
tの弓矢 完整版,Linked Horizon,62.78,2013/8/5
空と君のあいだに 完整版,绚香,62.62,2013/8/5
太と向日葵 完整版,Flower,60.38,2013/8/5
Nocturne 完整版,山下智久,60.31,2013/8/5
郅诬 完整版,早安少女组,60.16,2013/8/5
Come On A My House 完整版,Hey! Say! JUMP,60.08,2013/8/5
1%,板野友美,59.42,2013/8/5
君が思い出すWは君を郅筏皮い毪坤恧Δ 完整版,V6,57.42,2013/8/5
レディ`マ`メイド 完整版,℃-ute Berryz工房 早安家族,57.23,2013/8/5
サ`クルゲ`ム 完整版,Galileo Galilei,55.8,2013/8/5
最後のドア(板野友美卒Iソング),AKB48,86.39,2013/8/12
恋するフォ`チュンクッキ` 完整版,AKB48,85.83,2013/8/12
デッサン 完整版,AKB48,81.12,2013/8/12
HEY WHAT'S UP? 完整版,赤西仁,78.5,2013/8/12
妞韦护い袱悚胜(S田麻里子卒Iソング),AKB48 S田麻里子,77.84,2013/8/12
ひこうき 完整版,松任谷由实,77.17,2013/8/12
キミとのキセキ 完整版,Kis-My-Ft2,72.38,2013/8/12
郅肪へ 完整版,GReeeeN,72.19,2013/8/12
キミが思ってるより 完整版,AKB48,68.57,2013/8/12
恋音と雨空,AAA,67.87,2013/8/12
眠りの森,Aimer,65.63,2013/8/12
タナゴコロ 完整版,Kis-My-Ft2,65.19,2013/8/12
SUMMER NUDE'13 完整版,山下智久,64.91,2013/8/12
Wが死のうと思ったのは 完整版,中岛美嘉,62.55,2013/8/12
どうしようか? 完整版,AAA,61.1,2013/8/12
嫔 完整版,西野加奈,58.97,2013/8/12
Kiss You,miwa,58.45,2013/8/12
Come On A My House 完整版,Hey! Say! JUMP,56.4,2013/8/12
1%,板野友美,55.94,2013/8/12
Nocturne 完整版,山下智久,53.62,2013/8/12
最後のドア(板野友美卒Iソング),AKB48,98.38,2013/8/19
恋するフォ`チュンクッキ` 完整版,AKB48,90.69,2013/8/19
妞韦护い袱悚胜(S田麻里子卒Iソング),AKB48 S田麻里子,86.11,2013/8/19
HEY WHAT'S UP? 完整版,赤西仁,79.41,2013/8/19
デッサン 完整版,AKB48,74.76,2013/8/19
キミが思ってるより 完整版,AKB48,74.41,2013/8/19
ひこうき 完整版,松任谷由实,72.82,2013/8/19
ベ`グルにハム&チ`ズ 完整版,℃-ute,72.61,2013/8/19
eternal reality 完整版,fripSide,72.58,2013/8/19
恋音と雨空,AAA,69.78,2013/8/19
郅肪へ 完整版,GReeeeN,68.3,2013/8/19
SUMMER NUDE'13 完整版,山下智久,68.02,2013/8/19
Wが死のうと思ったのは 完整版,中岛美嘉,64.72,2013/8/19
キミとのキセキ 完整版,Kis-My-Ft2,63.91,2013/8/19
嫔 完整版,西野加奈,62.95,2013/8/19
眠りの森,Aimer,61.21,2013/8/19
どうしようか? 完整版,AAA,60.95,2013/8/19
Kiss You,miwa,60.11,2013/8/19
1%,板野友美,59.99,2013/8/19
Come On A My House 完整版,Hey! Say! JUMP,57.79,2013/8/19
ハ`トのベクトル 完整版,AKB48,95.12,2013/8/26
最後のドア(板野友美卒Iソング),AKB48,94.23,2013/8/26
恋するフォ`チュンクッキ` 完整版,AKB48,89.44,2013/8/26
妞韦护い袱悚胜(S田麻里子卒Iソング),AKB48 S田麻里子,83.37,2013/8/26
Identity,宫野真守,81.66,2013/8/26
女神はどこで微笑む? 完整版,AKB48,78.89,2013/8/26
HEY WHAT'S UP? 完整版,赤西仁,78.12,2013/8/26
ひこうき 完整版,松任谷由实,77.35,2013/8/26
Faraway 完整版,miwa,76.12,2013/8/26
恋音と雨空,AAA,75.52,2013/8/26
キミが思ってるより 完整版,AKB48,74.23,2013/8/26
デッサン 完整版,AKB48,71,2013/8/26
No Limit 完整版,EXILE,66.7,2013/8/26
郅肪へ 完整版,GReeeeN,66.44,2013/8/26
ベ`グルにハム&チ`ズ 完整版,℃-ute,65.87,2013/8/26
SUMMER NUDE'13 完整版,山下智久,64.83,2013/8/26
あい 完整版,近藤晃央,63.07,2013/8/26
eternal reality 完整版,fripSide,62.92,2013/8/26
Wが死のうと思ったのは 完整版,中岛美嘉,62.77,2013/8/26
嫔 完整版,西野加奈,62.39,2013/8/26
女神はどこで微笑む? 完整版,AKB48,95.43,2013/9/2
1mm 完整版,Perfume,93.89,2013/9/2
タイムマシンなんていらない 完整版,前田敦子,89.54,2013/9/2
メロンジュ`ス 完整版,HKT48,86.63,2013/9/2
ヒリヒリの花 完整版,Not yet,84.24,2013/9/2
最後のドア(板野友美卒Iソング),AKB48,83.84,2013/9/2
恋するフォ`チュンクッキ` 完整版,AKB48,82.73,2013/9/2
ハ`トのベクトル 完整版,AKB48,78.47,2013/9/2
Identity,宫野真守,75.84,2013/9/2
妞韦护い袱悚胜(S田麻里子卒Iソング),AKB48 S田麻里子,75.53,2013/9/2
HEY WHAT'S UP? 完整版,赤西仁,74.22,2013/9/2
ひこうき 完整版,松任谷由实,71.48,2013/9/2
恋音と雨空,AAA,68.75,2013/9/2
SUMMER NUDE'13 完整版,山下智久,65.41,2013/9/2
Faraway 完整版,miwa,63.96,2013/9/2
キミが思ってるより 完整版,AKB48,63.95,2013/9/2
恍摹蕙ンチェインド,FREE蛇'M,63.07,2013/9/2
Wが死のうと思ったのは 完整版,中岛美嘉,59.85,2013/9/2
郅肪へ 完整版,GReeeeN,59.3,2013/9/2
嫔 完整版,西野加奈,59,2013/9/2
Belief～春を待つ君へ～ 完整版,flumpool 五月天,97.95,2013/9/9
タイムマシンなんていらない 完整版,前田敦子,80.15,2013/9/9
1mm 完整版,Perfume,77.81,2013/9/9
女神はどこで微笑む? 完整版,AKB48,77.03,2013/9/9
カモネギックス 完整版,NMB48,76.33,2013/9/9
恋するフォ`チュンクッキ` 完整版,AKB48,75.81,2013/9/9
瞬き 完整版,堂本刚,75.51,2013/9/9
最後のドア(板野友美卒Iソング),AKB48,75.36,2013/9/9
Over Drive 完整版,SCANDAL,70.34,2013/9/9
ヒリヒリの花 完整版,Not yet,69.81,2013/9/9
Distance 完整版,JUJU,67.85,2013/9/9
メロンジュ`ス 完整版,HKT48,67.82,2013/9/9
Re:NAME 完整版,大V爱,67.78,2013/9/9
妞韦护い袱悚胜(S田麻里子卒Iソング),AKB48 S田麻里子,66.73,2013/9/9
ハ`トのベクトル 完整版,AKB48,65.72,2013/9/9
ひこうき 完整版,松任谷由实,64.88,2013/9/9
HEY WHAT'S UP? 完整版,赤西仁,62.32,2013/9/9
Identity,宫野真守,61.71,2013/9/9
恋音と雨空,AAA,61.23,2013/9/9
Belief～春を待つ君へ～ 完整版,flumpool 五月天,95.81,2013/9/16
タイムマシンなんていらない 完整版,前田敦子,84.42,2013/9/16
カモネギックス 完整版,NMB48,83.52,2013/9/16
恋するフォ`チュンクッキ` 完整版,AKB48,80.95,2013/9/16
Lonely Hearts,加藤ミリヤ,76.17,2013/9/16
女神はどこで微笑む? 完整版,AKB48,76.17,2013/9/16
1mm 完整版,Perfume,75.88,2013/9/16
最後のドア(板野友美卒Iソング),AKB48,75.73,2013/9/16
Lovin'You,May J.,74.34,2013/9/16
Re:NAME 完整版,大V爱,73.48,2013/9/16
くく 完整版,flumpool,70.72,2013/9/16
HEY WHAT'S UP? 完整版,赤西仁,66.69,2013/9/16
メロンジュ`ス 完整版,HKT48,66.4,2013/9/16
妞韦护い袱悚胜(S田麻里子卒Iソング),AKB48 S田麻里子,65.43,2013/9/16
恋音と雨空,AAA,64.68,2013/9/16
ひこうき 完整版,松任谷由实,64.5,2013/9/16
Identity,宫野真守,59.91,2013/9/16
キミが思ってるより 完整版,AKB48,58.97,2013/9/16
Distance 完整版,JUJU,57.74,2013/9/16
Belief～春を待つ君へ～ 完整版,flumpool 五月天,94.11,2013-09-23
Lonely Hearts,加藤ミリヤ,92.97,2013-09-23
タイムマシンなんていらない 完整版,前田敦子,91.41,2013-09-23
恋するフォ`チュンクッキ` 完整版,AKB48,87.15,2013-09-23
Flash 完整版,AMOYAMO,86.63,2013-09-23
最後のドア(板野友美卒Iソング),AKB48,82.98,2013-09-23
くく 完整版,flumpool,81.18,2013-09-23
女神はどこで微笑む? 完整版,AKB48,77.93,2013-09-23
カモネギックス 完整版,NMB48,77.23,2013-09-23
1mm 完整版,Perfume,75.73,2013-09-23
HEY WHAT'S UP? 完整版,赤西仁,69.04,2013-09-23
Lovin'You,May J.,67.70,2013-09-23
妞韦护い袱悚胜(S田麻里子卒Iソング),AKB48 S田麻里子,67.14,2013-09-23
恋音と雨空,AAA,66.82,2013-09-23
ひこうき 完整版,松任谷由实,65.90,2013-09-23
Re:NAME 完整版,大V爱,62.69,2013-09-23
Identity,宫野真守,61.59,2013-09-23
キミが思ってるより 完整版,AKB48,61.15,2013-09-23
Over Drive 完整版,SCANDAL,60.83,2013-09-23
恋するフォ`チュンクッキ` 完整版,AKB48,92.50,2013-09-30
タイムマシンなんていらない 完整版,前田敦子,92.00,2013-09-30
Belief～春を待つ君へ～ 完整版,flumpool 五月天,90.77,2013-09-30
曰 完整版,EXILE ATSUSHI 久石让,89.55,2013-09-30
最後のドア(板野友美卒Iソング),AKB48,87.88,2013-09-30
Flash 完整版,AMOYAMO,84.52,2013-09-30
Lonely Hearts,加藤ミリヤ,82.33,2013-09-30
EXILE PRIDE ～こんな世界を郅工毪郡帷 特别版,EXILE,79.19,2013-09-30
女神はどこで微笑む? 完整版,AKB48,78.40,2013-09-30
1mm 完整版,Perfume,75.94,2013-09-30
カモネギックス 完整版,NMB48,74.38,2013-09-30
キミが思ってるより 完整版,AKB48,72.07,2013-09-30
妞韦护い袱悚胜(S田麻里子卒Iソング),AKB48 S田麻里子,69.24,2013-09-30
恋音と雨空,AAA,68.97,2013-09-30
HEY WHAT'S UP? 完整版,赤西仁,68.25,2013-09-30
くく 完整版,flumpool,66.37,2013-09-30
ひこうき 完整版,松任谷由实,65.65,2013-09-30
Identity,宫野真守,63.50,2013-09-30
アイナルホウエ,赤西仁,98.28,2013-10-07
恋するフォ`チュンクッキ` 完整版,AKB48,88.24,2013-10-07
ありがとうの轮,绚香,83.77,2013-10-07
タイムマシンなんていらない 完整版,前田敦子,82.48,2013-10-07
Belief～春を待つ君へ～ 完整版,flumpool 五月天,81.32,2013-10-07
最後のドア(板野友美卒Iソング),AKB48,80.14,2013-10-07
桔梗が丘 完整版,平井坚,77.89,2013-10-07
きみのh,May J.,76.42,2013-10-07
EXILE PRIDE ～こんな世界を郅工毪郡帷 特别版,EXILE,72.80,2013-10-07
Lonely Hearts,加藤ミリヤ,69.68,2013-10-07
曰 完整版,EXILE ATSUSHI 久石让,69.33,2013-10-07
1mm 完整版,Perfume,68.32,2013-10-07
女神はどこで微笑む? 完整版,AKB48,65.90,2013-10-07
Flash 完整版,AMOYAMO,64.51,2013-10-07
HEY WHAT'S UP? 完整版,赤西仁,63.82,2013-10-07
カモネギックス 完整版,NMB48,63.21,2013-10-07
妞韦护い袱悚胜(S田麻里子卒Iソング),AKB48 S田麻里子,62.38,2013-10-07
ひこうき 完整版,松任谷由实,61.32,2013-10-07
恋音と雨空,AAA,59.15,2013-10-07
Birthday Wedding 完整版,柏木由纪,95.86,2013-10-14
Ballerina 完整版,安室奈美惠,93.14,2013-10-14
A Little Bit,w-inds.,92.10,2013-10-14
太の女神 完整版,家入レオ,87.92,2013-10-14
恋するフォ`チュンクッキ` 完整版,AKB48,85.89,2013-10-14
郅盲皮猡盲匦 完整版,℃-ute,84.02,2013-10-14
革命デュアリズム 完整版,水树奈奈 T.M.Revolution,83.00,2013-10-14
最後のドア(板野友美卒Iソング),AKB48,81.89,2013-10-14
タイムマシンなんていらない 完整版,前田敦子,79.99,2013-10-14
TAKOYAKI in my heart 完整版,vジャニ∞,79.83,2013-10-14
アイナルホウエ,赤西仁,78.31,2013-10-14
桔梗が丘 完整版,平井坚,77.86,2013-10-14
都会の一人暮らし 完整版,℃-ute,76.63,2013-10-14
Belief～春を待つ君へ～ 完整版,flumpool 五月天,73.84,2013-10-14
郅韦蓼蓼-,岩佐美D,73.32,2013-10-14
かげろう 完整版,齐藤和义,69.52,2013-10-14
女神はどこで微笑む? 完整版,AKB48,66.21,2013-10-14
きみのh,May J.,66.16,2013-10-14
Lonely Hearts,加藤ミリヤ,63.05,2013-10-14
さよなら 完整版,西野加奈,98.16,2013-10-21
まだ妞摔胜椁胜けしみが 完整版,KinKi Kids,77.21,2013-10-21
Birthday Wedding 完整版,柏木由纪,76.92,2013-10-21
恋は訾丐壬りぬるを 完整版,KinKi Kids,76.81,2013-10-21
恋するフォ`チュンクッキ` 完整版,AKB48,74.59,2013-10-21
革命デュアリズム 完整版,水树奈奈 T.M.Revolution,73.90,2013-10-21
郅盲皮猡盲匦 完整版,℃-ute,73.51,2013-10-21
もったいないとらんど,きゃり`ぱみゅぱみゅ,73.00,2013-10-21
最後のドア(板野友美卒Iソング),AKB48,70.98,2013-10-21
Tiny T-shirt,AKB48,69.75,2013-10-21
タイムマシンなんていらない 完整版,前田敦子,68.97,2013-10-21
Golden Time,堀江由衣,67.06,2013-10-21
A Little Bit,w-inds.,66.23,2013-10-21
PERFORMER'S PRIDE,EXILE,66.18,2013-10-21
Ballerina 完整版,安室奈美惠,65.10,2013-10-21
Dreaming Now! 完整版,田来未,64.56,2013-10-21
Just One Life,SPYAIR,64.29,2013-10-21
アイナルホウエ,赤西仁,64.24,2013-10-21
さよなら 完整版,西野加奈,93.42,2013-10-28
I 狂 U 完整版,SuG,90.95,2013-10-28
バレッタ 完整版,乃木坂46,86.50,2013-10-28
Tiny T-shirt,AKB48,84.73,2013-10-28
GOUNN,ももいろクロ`バ`Z,79.61,2013-10-28
Dreaming Now! 完整版,田来未,79.37,2013-10-28
SNOW DOMEのs束 完整版,Kis-My-Ft2,77.59,2013-10-28
恋するフォ`チュンクッキ` 完整版,AKB48,76.54,2013-10-28
ちいさな奇E 完整版,东京女子流,76.14,2013-10-28
快速と犹逡力,AKB48,76.05,2013-10-28
ANNIVERSARY 完整版,シド(SID),74.54,2013-10-28
Birthday Wedding 完整版,柏木由纪,73.98,2013-10-28
雪リグレット,AKB48,73.96,2013-10-28
Just One Life,SPYAIR,70.55,2013-10-28
まだ妞摔胜椁胜けしみが 完整版,KinKi Kids,69.67,2013-10-28
君のyの庭,Kalafina,69.60,2013-10-28
最後のドア(板野友美卒Iソング),AKB48,69.46,2013-10-28
恋は訾丐壬りぬるを 完整版,KinKi Kids,67.01,2013-10-28
I 狂 U 完整版,SuG,95.59,2013-11-04
月の大きさ 完整版,乃木坂46,91.53,2013-11-04
サヨナラ☆ありがとう 完整版,龟梨和也 玉置浩二,88.57,2013-11-04
さよなら 完整版,西野加奈,88.42,2013-11-04
Sweet Refrain 完整版,Perfume,86.68,2013-11-04
Every Hero,kaho,80.43,2013-11-04
恋するフォ`チュンクッキ` 完整版,AKB48,75.47,2013-11-04
年下の男の子,SUPER☆GiRLS,75.21,2013-11-04
DIAMOND SKIN,GLAY,75.10,2013-11-04
Tiny T-shirt,AKB48,74.15,2013-11-04
カラフルワ`ルド,佐香智久,74.00,2013-11-04
バレッタ 完整版,乃木坂46,72.62,2013-11-04
最後のドア(板野友美卒Iソング),AKB48,67.93,2013-11-04
IT WAS YOU 完整版,椎名林檎,66.74,2013-11-04
守ってあげたい,JUJU,64.29,2013-11-04
SNOW DOMEのs束 完整版,Kis-My-Ft2,63.77,2013-11-04
URBAN DANCE,girl next door,63.70,2013-11-04
まだ妞摔胜椁胜けしみが 完整版,KinKi Kids,63.20,2013-11-04
アイム.セクシ`～Da Ya Think I'm Sexy～ 完整版,Rio,95.29,2013-11-11
I 狂 U 完整版,SuG,91.70,2013-11-11
サヨナラ☆ありがとう 完整版,龟梨和也 玉置浩二,89.55,2013-11-11
ぎゅ 完整版,ベッキ`,86.21,2013-11-11
さよなら 完整版,西野加奈,85.71,2013-11-11
月の大きさ 完整版,乃木坂46,84.26,2013-11-11
郯k中,椎名林檎 Capsule,83.53,2013-11-11
Luv Sick 完整版,Kis-My-Ft2,82.58,2013-11-11
粉雪,BENI,81.78,2013-11-11
Sweet Refrain 完整版,Perfume,80.87,2013-11-11
Every Hero,kaho,76.65,2013-11-11
Tiny T-shirt,AKB48,72.96,2013-11-11
サ`チライト,玉置浩二,72.54,2013-11-11
最後のドア(板野友美卒Iソング),AKB48,72.21,2013-11-11
Shine -未来へかざす火のように,平原绫香,70.66,2013-11-11
さかさま世界,中川翔子,68.93,2013-11-11
バレッタ 完整版,乃木坂46,63.73,2013-11-11
Belief～春を待つ君へ～ 完整版,flumpool 五月天,63.49,2013-11-11
m成カワイイ! 完整版,SKE48,96.88,2013-11-18
Wらの物Z,GReeeeN,91.05,2013-11-18
アイム.セクシ`～Da Ya Think I'm Sexy～ 完整版,Rio,87.49,2013-11-18
I 狂 U 完整版,SuG,86.74,2013-11-18
サヨナラ☆ありがとう 完整版,龟梨和也 玉置浩二,84.01,2013-11-18
粉雪,BENI,83.06,2013-11-18
さよなら 完整版,西野加奈,81.68,2013-11-18
月の大きさ 完整版,乃木坂46,80.22,2013-11-18
"サヨナラの浃,もうできていた",CRUDE PLAY,77.24,2013-11-18
サ`チライト,玉置浩二,70.03,2013-11-18
Sweet Refrain 完整版,Perfume,68.89,2013-11-18
ぎゅ 完整版,ベッキ`,67.69,2013-11-18
Belief～春を待つ君へ～ 完整版,flumpool 五月天,66.21,2013-11-18
郯k中,椎名林檎 Capsule,65.24,2013-11-18
Every Hero,kaho,64.64,2013-11-18
ここで一k,SKE48,61.13,2013-11-18
Tiny T-shirt,AKB48,59.75,2013-11-18
Countdown,Jasmine,59.35,2013-11-18
Feel the love 完整版,滨崎步,99.00,2013-11-25
楔-kusabi- 完整版,KAT-TUN,84.25,2013-11-25
Butterfly Core,VALSHE,82.33,2013-11-25
白雪,Flower,79.76,2013-11-25
SB,土屋安娜,79.57,2013-11-25
GIMME LUV 完整版,KAT-TUN,76.73,2013-11-25
MONSTER NIGHT,KAT-TUN,74.35,2013-11-25
I 狂 U 完整版,SuG,73.89,2013-11-25
Wらの物Z,GReeeeN,71.74,2013-11-25
m成カワイイ! 完整版,SKE48,71.54,2013-11-25
words 完整版,Aimer,69.53,2013-11-25
アイム.セクシ`～Da Ya Think I'm Sexy～ 完整版,Rio,69.31,2013-11-25
サヨナラ☆ありがとう 完整版,龟梨和也 玉置浩二,67.91,2013-11-25
ブラックナイトタウン,近藤晃央,65.91,2013-11-25
月の大きさ 完整版,乃木坂46,65.64,2013-11-25
さよなら 完整版,西野加奈,65.46,2013-11-25
粉雪,BENI,62.24,2013-11-25
RUN FREE,AI 加藤ミリヤ Verbal,61.59,2013-11-25
Sweet Refrain 完整版,Perfume,56.92,2013-11-25
Belief～春を待つ君へ～ 完整版,flumpool 五月天,56.90,2013-11-25
"窑文兢蔚坤""君の微笑みを簸艘る""と言ってしまったらWたちのvSはどう浃铯盲皮筏蓼Δ韦,Wなりに何日か考えた上でのややuずかしいYのようなもの (SSTV版)",AKB48,89.44,2013-12-02
Feel the love 完整版,滨崎步,85.98,2013-12-02
Party Is Over,AKB48,83.75,2013-12-02
Butterfly Core,VALSHE,82.86,2013-12-02
BUTTERFLY,DAIGO,77.92,2013-12-02
いま逢いたくて... 完整版,DAIGO,75.87,2013-12-02
白雪,Flower,73.81,2013-12-02
words 完整版,Aimer,73.59,2013-12-02
楔-kusabi- 完整版,KAT-TUN,71.88,2013-12-02
m成カワイイ! 完整版,SKE48,69.90,2013-12-02
ココロ空モヨウ 完整版,vジャニ∞,69.38,2013-12-02
I 狂 U 完整版,SuG,67.70,2013-12-02
SB,土屋安娜,66.82,2013-12-02
Wらの物Z,GReeeeN,66.57,2013-12-02
サヨナラ☆ありがとう 完整版,龟梨和也 玉置浩二,66.30,2013-12-02
アイム.セクシ`～Da Ya Think I'm Sexy～ 完整版,Rio,64.93,2013-12-02
月の大きさ 完整版,乃木坂46,64.62,2013-12-02
さよなら 完整版,西野加奈,64.09,2013-12-02
RUN FREE,AI 加藤ミリヤ Verbal,62.95,2013-12-02
GIMME LUV 完整版,KAT-TUN,61.59,2013-12-02
Neonlight Lipstick,安室奈美惠,98.11,2013-12-09
Merry-go-round 完整版,滨崎步,86.73,2013-12-09
Party Is Over,AKB48,84.94,2013-12-09
Feel the love 完整版,滨崎步,79.22,2013-12-09
Escape,SKE48,69.99,2013-12-09
Butterfly Core,VALSHE,69.42,2013-12-09
棚からぼたもち 完整版,舞祭M,67.52,2013-12-09
白雪,Flower,67.51,2013-12-09
"窑文兢蔚坤""君の微笑みを簸艘る""と言ってしまったらWたちのvSはどう浃铯盲皮筏蓼Δ韦,Wなりに何日か考えた上でのややuずかしいYのようなもの (SSTV版)",AKB48,64.24,2013-12-09
SB,土屋安娜,60.97,2013-12-09
いま逢いたくて... 完整版,DAIGO,60.50,2013-12-09
さよなら 完整版,西野加奈,59.57,2013-12-09
サヨナラ☆ありがとう 完整版,龟梨和也 玉置浩二,59.03,2013-12-09
Belief～春を待つ君へ～ 完整版,flumpool 五月天,58.52,2013-12-09
I 狂 U 完整版,SuG,57.12,2013-12-09
m成カワイイ! 完整版,SKE48,56.54,2013-12-09
LOVE修行,AKB48,55.81,2013-12-09
BUTTERFLY,DAIGO,55.50,2013-12-09
Wらの物Z,GReeeeN,53.58,2013-12-09
表Y一体,柚子乐队,52.53,2013-12-09
恋するフォ`チュンクッキ` 演歌Ver.,岩佐美D,91.43,2013-12-16
シャレオツ 完整版,SMAP,88.43,2013-12-16
Neonlight Lipstick,安室奈美惠,87.56,2013-12-16
Merry-go-round 完整版,滨崎步,83.59,2013-12-16
チェンメン天国 (パラダイス),风男塾,83.40,2013-12-16
の浦慕情,岩佐美D,81.65,2013-12-16
キエタイクライ,河西智美,79.36,2013-12-16
Party Is Over,AKB48,78.76,2013-12-16
Feel the love 完整版,滨崎步,77.45,2013-12-16
妞窑趣膜,酒井法子,74.95,2013-12-16
LOVE before we DIE 完整版,moumoon,70.84,2013-12-16
"窑文兢蔚坤""君の微笑みを簸艘る""と言ってしまったらWたちのvSはどう浃铯盲皮筏蓼Δ韦,Wなりに何日か考えた上でのややuずかしいYのようなもの (SSTV版)",AKB48,70.62,2013-12-16
Butterfly Core,VALSHE,67.89,2013-12-16
白雪,Flower,65.95,2013-12-16
棚からぼたもち 完整版,舞祭M,65.06,2013-12-16
Escape,SKE48,64.48,2013-12-16
LOVE修行,AKB48,64.28,2013-12-16
さよなら 完整版,西野加奈,60.83,2013-12-16
サヨナラ☆ありがとう 完整版,龟梨和也 玉置浩二,60.26,2013-12-16
Ride With Me 完整版,Hey! Say! JUMP,99.00,2013-12-23
笑の君は太さ,早安少女组,83.14,2013-12-23
Love/Affection 完整版,加藤ミリヤ,79.34,2013-12-23
DREAM 完整版,清水翔太,77.48,2013-12-23
Neonlight Lipstick,安室奈美惠,73.02,2013-12-23
シャレオツ 完整版,SMAP,69.53,2013-12-23
Party Is Over,AKB48,65.77,2013-12-23
Merry-go-round 完整版,滨崎步,65.60,2013-12-23
キエタイクライ,河西智美,61.97,2013-12-23
さよなら 完整版,西野加奈,57.54,2013-12-23
LOVE before we DIE 完整版,moumoon,57.02,2013-12-23
Feel the love 完整版,滨崎步,56.69,2013-12-23
恋するフォ`チュンクッキ` 演歌Ver.,岩佐美D,56.10,2013-12-23
Butterfly Core,VALSHE,55.19,2013-12-23
サヨナラ☆ありがとう 完整版,龟梨和也 玉置浩二,54.94,2013-12-23
妞窑趣膜,酒井法子,54.45,2013-12-23
I 狂 U 完整版,SuG,54.04,2013-12-23
LOVE修行,AKB48,51.91,2013-12-23
白雪,Flower,51.46,2013-12-23
Ride With Me 完整版,Hey! Say! JUMP,98.40,2013-12-30
DREAM 完整版,清水翔太,85.28,2013-12-30
笑の君は太さ,早安少女组,83.13,2013-12-30
さよなら 完整版,西野加奈,73.95,2013-12-30
Neonlight Lipstick,安室奈美惠,73.34,2013-12-30
Party Is Over,AKB48,73.00,2013-12-30
シャレオツ 完整版,SMAP,69.43,2013-12-30
Love/Affection 完整版,加藤ミリヤ,68.45,2013-12-30
Merry-go-round 完整版,滨崎步,64.90,2013-12-30
恋するフォ`チュンクッキ` 演歌Ver.,岩佐美D,63.55,2013-12-30
Feel the love 完整版,滨崎步,62.06,2013-12-30
Escape,SKE48,59.60,2013-12-30
サヨナラ☆ありがとう 完整版,龟梨和也 玉置浩二,59.14,2013-12-30
キエタイクライ,河西智美,58.29,2013-12-30
I 狂 U 完整版,SuG,57.20,2013-12-30
Butterfly Core,VALSHE,56.06,2013-12-30
白雪,Flower,53.04,2013-12-30
妞窑趣膜,酒井法子,52.05,2013-12-30
Ride With Me 完整版,Hey! Say! JUMP,93.24,2014-01-06
101回目の猡 完整版,Golden Bomber,89.34,2014-01-06
DREAM 完整版,清水翔太,82.91,2014-01-06
Run With U,Fairies,80.99,2014-01-06
Neonlight Lipstick,安室奈美惠,77.61,2014-01-06
笑の君は太さ,早安少女组,77.56,2014-01-06
あの素晴しい朝をもう一度 完整版,Golden Bomber,74.96,2014-01-06
さよなら 完整版,西野加奈,70.42,2014-01-06
Party Is Over,AKB48,67.55,2014-01-06
Merry-go-round 完整版,滨崎步,61.72,2014-01-06
白雪,Flower,60.54,2014-01-06
Love/Affection 完整版,加藤ミリヤ,58.77,2014-01-06
シャレオツ 完整版,SMAP,58.66,2014-01-06
Butterfly Core,VALSHE,56.11,2014-01-06
サヨナラ☆ありがとう 完整版,龟梨和也 玉置浩二,54.26,2014-01-06
Escape,SKE48,53.12,2014-01-06
Feel the love 完整版,滨崎步,52.79,2014-01-06
I 狂 U 完整版,SuG,52.64,2014-01-06
妞窑趣膜,酒井法子,52.02,2014-01-06
little 完整版,板野友美,95.65,2014-01-13
TSUKI 完整版,安室奈美惠,91.66,2014-01-13
Ride With Me 完整版,Hey! Say! JUMP,83.19,2014-01-13
DREAM 完整版,清水翔太,71.68,2014-01-13
笑の君は太さ,早安少女组,70.32,2014-01-13
101回目の猡 完整版,Golden Bomber,68.15,2014-01-13
冬花火,奥华子,67.79,2014-01-13
さよなら 完整版,西野加奈,66.51,2014-01-13
Neonlight Lipstick,安室奈美惠,66.31,2014-01-13
君のO 完整版,aiko,64.11,2014-01-13
ひびき 完整版,vジャニ∞,63.70,2014-01-13
MISSING,SuG,63.48,2014-01-13
START,Every Little Thing,62.43,2014-01-13
Run With U,Fairies,62.40,2014-01-13
青い 完整版,EXILE ATSUSHI,60.64,2014-01-13
Party Is Over,AKB48,58.18,2014-01-13
スノ`マジックファンタジ`,SEKAI NO OWARI,57.47,2014-01-13
I 狂 U 完整版,SuG,56.96,2014-01-13
あの素晴しい朝をもう一度 完整版,Golden Bomber,54.74,2014-01-13
シャレオツ 完整版,SMAP,53.87,2014-01-13
little 完整版,板野友美,96.07,2014-01-20
Runners high 完整版,SCANDAL,84.17,2014-01-20
神,加藤ミリヤ,82.02,2014-01-20
Ride With Me 完整版,Hey! Say! JUMP,81.28,2014-01-20
Love,AAA,78.69,2014-01-20
冬花火,奥华子,77.15,2014-01-20
Partition Love 完整版,东京女子流,74.38,2014-01-20
君の代わりは居やしない 完整版,早安少女组,73.57,2014-01-20
Start Again,神谷浩史,67.71,2014-01-20
DREAM 完整版,清水翔太,65.75,2014-01-20
MISSING,SuG,64.02,2014-01-20
笑の君は太さ,早安少女组,61.41,2014-01-20
101回目の猡 完整版,Golden Bomber,60.85,2014-01-20
青い 完整版,EXILE ATSUSHI,60.12,2014-01-20
Party Is Over,AKB48,59.73,2014-01-20
さよなら 完整版,西野加奈,58.74,2014-01-20
君のO 完整版,aiko,58.21,2014-01-20
START,Every Little Thing,57.28,2014-01-20
今日に恋色,May'n,56.99,2014-01-20
I 狂 U 完整版,SuG,54.51,2014-01-20
little 完整版,板野友美,93.40,2014-01-27
Ride With Me 完整版,Hey! Say! JUMP,89.49,2014-01-27
Runners high 完整版,SCANDAL,85.72,2014-01-27
あなたの100の嫌いなところ,刚力彩芽,84.08,2014-01-27
Number One,绚香,78.38,2014-01-27
神,加藤ミリヤ,77.55,2014-01-27
ヒカリ,Tegomass,77.45,2014-01-27
Start Again,神谷浩史,75.56,2014-01-27
笑の君は太さ,早安少女组,73.38,2014-01-27
午夜の待ち合わせ,Hello Sleepwalkers,71.92,2014-01-27
チョコレ`ト,家入レオ,71.21,2014-01-27
Love,AAA,65.69,2014-01-27
Partition Love 完整版,东京女子流,65.25,2014-01-27
Party Is Over,AKB48,64.35,2014-01-27
DREAM 完整版,清水翔太,64.07,2014-01-27
冬花火,奥华子,62.79,2014-01-27
I 狂 U 完整版,SuG,60.84,2014-01-27
君の代わりは居やしない 完整版,早安少女组,60.82,2014-01-27
CLICK,ClariS,59.98,2014-01-27
今日に恋色,May'n,57.13,2014-01-27
AinoArika,Hey! Say! JUMP,97.93,2014-02-03
郅工欷肖猡盲去膝氓冤`ライフ,Hey! Say! JUMP,96.33,2014-02-03
little 完整版,板野友美,85.95,2014-02-03
Ride With Me 完整版,Hey! Say! JUMP,84.43,2014-02-03
SHOW ME YOUR HOLLA,田来未,83.96,2014-02-03
NEW ORDER,宫野真守,80.21,2014-02-03
let go again 完整版,Flower m-flo,77.20,2014-02-03
Hug,シド(SID),76.61,2014-02-03
Runners high 完整版,SCANDAL,71.17,2014-02-03
キットカナウ,miwa,69.18,2014-02-03
神,加藤ミリヤ,68.67,2014-02-03
Faith,miwa,68.28,2014-02-03
あなたの100の嫌いなところ,刚力彩芽,66.06,2014-02-03
1|3千万tダイエット王国,Berryz工房,64.03,2014-02-03
笑の君は太さ,早安少女组,62.66,2014-02-03
Party Is Over,AKB48,62.18,2014-02-03
Start Again,神谷浩史,59.73,2014-02-03
ヒカレ,柚子乐队,59.51,2014-02-03
Number One,绚香,58.55,2014-02-03
Love,AAA,58.36,2014-02-03
前しか向かねえ 完整版,AKB48,97.71,2014-02-10
Bittersweet 完整版,岚,91.44,2014-02-10
AinoArika,Hey! Say! JUMP,83.18,2014-02-10
郅工欷肖猡盲去膝氓冤`ライフ,Hey! Say! JUMP,80.61,2014-02-10
let go again 完整版,Flower m-flo,80.58,2014-02-10
little 完整版,板野友美,78.75,2014-02-10
With You / With Me,9nine,77.84,2014-02-10
Ride With Me 完整版,Hey! Say! JUMP,76.06,2014-02-10
NEW ORDER,宫野真守,73.13,2014-02-10
キットカナウ,miwa,71.36,2014-02-10
心の叫びを歌にしてみた,℃-ute,68.87,2014-02-10
春L 完整版,Rihwa,66.75,2014-02-10
Faith,miwa,64.22,2014-02-10
P.S. I LOVE U 完整版,GACKT,63.49,2014-02-10
SHOW ME YOUR HOLLA,田来未,63.06,2014-02-10
Runners high 完整版,SCANDAL,60.34,2014-02-10
EX:FUTURIZE 完整版,日笠阳子,59.20,2014-02-10
Party Is Over,AKB48,58.07,2014-02-10
1|3千万tダイエット王国,Berryz工房,57.00,2014-02-10
笑の君は太さ,早安少女组,56.87,2014-02-10
ゆめのはじまりんりん,きゃり`ぱみゅぱみゅ,97.59,2014-02-17
セブンスコ`ド 完整版,前田敦子,92.09,2014-02-17
前しか向かねえ 完整版,AKB48,81.89,2014-02-17
春L 完整版,Rihwa,79.90,2014-02-17
LOL,田来未,74.48,2014-02-17
キング オブ 男! 完整版,vジャニ∞,70.45,2014-02-17
Bittersweet 完整版,岚,70.07,2014-02-17
little 完整版,板野友美,69.45,2014-02-17
With You / With Me,9nine,67.82,2014-02-17
心の叫びを歌にしてみた,℃-ute,66.52,2014-02-17
AinoArika,Hey! Say! JUMP,66.41,2014-02-17
郅工欷肖猡盲去膝氓冤`ライフ,Hey! Say! JUMP,63.63,2014-02-17
Ride With Me 完整版,Hey! Say! JUMP,63.47,2014-02-17
lよりも,中岛美嘉 童子-T,63.46,2014-02-17
昨日よりもっと好き( Smiling Lions),AKB48,62.84,2014-02-17
a boy 完整版,家入レオ,61.51,2014-02-17
let go again 完整版,Flower m-flo,59.99,2014-02-17
LIFE,May J.,58.31,2014-02-17
Ginger,堂本刚,57.03,2014-02-17
魔法の夜と不思hなワルツ,佐香智久,56.88,2014-02-17
Wake Me Up,仓木麻衣,92.38,2014-02-24
昨日よりもっと好き( Smiling Lions),AKB48,90.53,2014-02-24
ゆめのはじまりんりん,きゃり`ぱみゅぱみゅ,90.44,2014-02-24
"@,みんなで食べた 完整版",HKT48,88.42,2014-02-24
FANTASTIC TUNE,小野贤章,84.99,2014-02-24
セブンスコ`ド 完整版,前田敦子,83.65,2014-02-24
Love Take It All,℃-ute,80.88,2014-02-24
前しか向かねえ 完整版,AKB48,80.19,2014-02-24
lか私を,コトリンゴ,76.69,2014-02-24
Make A Miracle,EXILE ATSUSHI,75.36,2014-02-24
春L 完整版,Rihwa,73.55,2014-02-24
little 完整版,板野友美,69.42,2014-02-24
Bittersweet 完整版,岚,68.10,2014-02-24
S.A.K.U.R.A.,三代目J Soul Brothers,67.43,2014-02-24
lよりも,中岛美嘉 童子-T,65.96,2014-02-24
秘密のダイアリ` (Baby Elephants),AKB48,65.10,2014-02-24
LIFE,May J.,64.72,2014-02-24
AinoArika,Hey! Say! JUMP,63.97,2014-02-24
郅工伽明日 一瞬と一生を,GReeeeN,62.91,2014-02-24
Ride With Me 完整版,Hey! Say! JUMP,62.51,2014-02-24
Guard You,雅-miyavi-,97.12,2014-03-03
RYDEEN ～Dance All Night～ 完整版,E-Girls,84.67,2014-03-03
Sakura Melody,加藤ミリヤ 清水翔太,83.63,2014-03-03
荬扭い郡槠想い,乃木坂46,82.08,2014-03-03
Wake Me Up,仓木麻衣,81.78,2014-03-03
昨日よりもっと好き( Smiling Lions),AKB48,80.32,2014-03-03
ゆめのはじまりんりん,きゃり`ぱみゅぱみゅ,79.84,2014-03-03
前しか向かねえ 完整版,AKB48,76.39,2014-03-03
サクラあっぱれ`しょん,でんぱ组.inc,74.81,2014-03-03
"@,みんなで食べた 完整版",HKT48,74.01,2014-03-03
光のシグナル 完整版,Kis-My-Ft2,72.95,2014-03-03
セブンスコ`ド 完整版,前田敦子,72.40,2014-03-03
FANTASTIC TUNE,小野贤章,71.98,2014-03-03
アレコレしたい 完整版,Juice=Juice,71.29,2014-03-03
Bittersweet 完整版,岚,67.03,2014-03-03
little 完整版,板野友美,66.92,2014-03-03
春L 完整版,Rihwa,66.85,2014-03-03
AinoArika,Hey! Say! JUMP,63.99,2014-03-03
ray,BUMP OF CHICKEN,63.00,2014-03-03
郅工伽明日 一瞬と一生を,GReeeeN,62.98,2014-03-03
Guard You,雅-miyavi-,95.44,2014-03-10
生まれたままで,乃木坂46,89.77,2014-03-10
アレコレしたい 完整版,Juice=Juice,82.75,2014-03-10
LOVE-arigatou-,Rev.from DVL,82.19,2014-03-10
高Xの林檎 完整版,NMB48,81.87,2014-03-10
イマジネ`ション,SPYAIR,80.23,2014-03-10
昨日よりもっと好き( Smiling Lions),AKB48,77.35,2014-03-10
ゆめのはじまりんりん,きゃり`ぱみゅぱみゅ,77.35,2014-03-10
Wake Me Up,仓木麻衣,77.34,2014-03-10
w,一青窈,76.78,2014-03-10
前しか向かねえ 完整版,AKB48,76.63,2014-03-10
9lives,中川翔子,75.28,2014-03-10
未来とは?,SKE48,74.56,2014-03-10
"@,みんなで食べた 完整版",HKT48,72.92,2014-03-10
RYDEEN ～Dance All Night～ 完整版,E-Girls,72.32,2014-03-10
"君がいない,あの日から-",Acid Black Cherry,71.82,2014-03-10
セブンスコ`ド 完整版,前田敦子,70.18,2014-03-10
little 完整版,板野友美,66.57,2014-03-10
Bittersweet 完整版,岚,65.31,2014-03-10
グロテスク 完整版,平井坚 安室奈美惠,97.72,2014-03-17
未来とは?,SKE48,79.85,2014-03-17
Guard You,雅-miyavi-,79.51,2014-03-17
SHOW TIME 完整版,AAA,78.93,2014-03-17
孤独兄弟,乃木坂46,77.03,2014-03-17
イマジネ`ション,SPYAIR,67.88,2014-03-17
Galaxy Of Dreams,SKE48,67.31,2014-03-17
前しか向かねえ 完整版,AKB48,66.51,2014-03-17
猫の尻尾がピンと立ってるように...,SKE48,65.39,2014-03-17
9lives,中川翔子,63.81,2014-03-17
ゆめのはじまりんりん,きゃり`ぱみゅぱみゅ,63.55,2014-03-17
昨日よりもっと好き( Smiling Lions),AKB48,59.54,2014-03-17
LOVE-arigatou-,Rev.from DVL,58.68,2014-03-17
Wake Me Up,仓木麻衣,58.01,2014-03-17
little 完整版,板野友美,57.48,2014-03-17
MERRY GO ROUND 真人版,ROOT FIVE,56.18,2014-03-17
待ち合わせたい,SKE48,56.08,2014-03-17
生まれたままで,乃木坂46,55.83,2014-03-17
RYDEEN ～Dance All Night～ 完整版,E-Girls,55.04,2014-03-17
グロテスク 完整版,平井坚 安室奈美惠,99.00,2014-03-24
ロマンスのスタ`ト,乃木坂46,87.15,2014-03-24
r空を超え 宇宙を超え 完整版,早安少女组,85.58,2014-03-24
Guard You,雅-miyavi-,81.97,2014-03-24
孤独兄弟,乃木坂46,81.17,2014-03-24
未来とは?,SKE48,72.67,2014-03-24
前しか向かねえ 完整版,AKB48,69.29,2014-03-24
ゆめのはじまりんりん,きゃり`ぱみゅぱみゅ,67.15,2014-03-24
昨日よりもっと好き( Smiling Lions),AKB48,63.30,2014-03-24
Reverb,黑梦,62.94,2014-03-24
Galaxy Of Dreams,SKE48,61.55,2014-03-24
little 完整版,板野友美,60.61,2014-03-24
9lives,中川翔子,60.45,2014-03-24
生まれたままで,乃木坂46,59.94,2014-03-24
春L 完整版,Rihwa,58.47,2014-03-24
Wake Me Up,仓木麻衣,58.10,2014-03-24
イマジネ`ション,SPYAIR,57.90,2014-03-24
LOVE-arigatou-,Rev.from DVL,57.80,2014-03-24
Ride With Me 完整版,Hey! Say! JUMP,57.24,2014-03-24
RYDEEN ～Dance All Night～ 完整版,E-Girls,54.89,2014-03-24
世界のLをWらは受けて,Not yet,93.86,2014-03-31
グロテスク 完整版,平井坚 安室奈美惠,93.41,2014-03-31
r空を超え 宇宙を超え 完整版,早安少女组,82.75,2014-03-31
ロマンスのスタ`ト,乃木坂46,80.57,2014-03-31
Password Is 0,早安少女组,79.80,2014-03-31
Guard You,雅-miyavi-,77.36,2014-03-31
HUMAN 完整版,福山雅治,72.14,2014-03-31
前しか向かねえ 完整版,AKB48,71.57,2014-03-31
カラフル,Rihwa,71.55,2014-03-31
炎と森のカ`ニバル,SEKAI NO OWARI,71.25,2014-03-31
未来とは?,SKE48,70.56,2014-03-31
FLAME,DISH//,70.49,2014-03-31
孤独兄弟,乃木坂46,70.42,2014-03-31
ゆめのはじまりんりん,きゃり`ぱみゅぱみゅ,68.69,2014-03-31
ひこうき 完整版,GILLE,68.38,2014-03-31
昨日よりもっと好き( Smiling Lions),AKB48,63.29,2014-03-31
春L 完整版,Rihwa,60.16,2014-03-31
little 完整版,板野友美,59.81,2014-03-31
イマジネ`ション,SPYAIR,55.09,2014-03-31
9lives,中川翔子,55.02,2014-03-31
ファミリ`パ`ティ`,きゃり`ぱみゅぱみゅ,97.50,2014-04-07
世界のLをWらは受けて,Not yet,93.01,2014-04-07
グロテスク 完整版,平井坚 安室奈美惠,91.08,2014-04-07
High Five 完整版,中山优马,86.90,2014-04-07
アパッショナ`ト,水树奈奈,84.14,2014-04-07
ラブサ`チライト 完整版,柴崎幸,79.52,2014-04-07
前しか向かねえ 完整版,AKB48,74.83,2014-04-07
r空を超え 宇宙を超え 完整版,早安少女组,74.80,2014-04-07
Guard You,雅-miyavi-,74.03,2014-04-07
Password Is 0,早安少女组,72.20,2014-04-07
ロマンスのスタ`ト,乃木坂46,71.80,2014-04-07
孤独兄弟,乃木坂46,70.90,2014-04-07
ゆめのはじまりんりん,きゃり`ぱみゅぱみゅ,70.45,2014-04-07
Wのそばには星がある 完整版,泷&翼,68.62,2014-04-07
FLAME,DISH//,67.51,2014-04-07
ビバビバモ`レ 完整版,泷&翼,62.94,2014-04-07
春L 完整版,Rihwa,62.58,2014-04-07
little 完整版,板野友美,62.01,2014-04-07
カラフル,Rihwa,61.18,2014-04-07
ひこうき 完整版,GILLE,58.38,2014-04-07
明日笑っていられるように,日本群星,97.23,2014-04-14
君と踊ろう,LUHICA,92.24,2014-04-14
ファミリ`パ`ティ`,きゃり`ぱみゅぱみゅ,83.10,2014-04-14
世界のLをWらは受けて,Not yet,81.09,2014-04-14
グロテスク 完整版,平井坚 安室奈美惠,79.81,2014-04-14
不器用,LoVendoЯ,77.28,2014-04-14
前しか向かねえ 完整版,AKB48,75.20,2014-04-14
明日へのm歌,flumpool,74.39,2014-04-14
Yes we are 完整版,SMAP,72.86,2014-04-14
r空を超え 宇宙を超え 完整版,早安少女组,72.20,2014-04-14
High Five 完整版,中山优马,71.83,2014-04-14
むせび泣く,LoVendoЯ,70.51,2014-04-14
ココカラ 完整版,SMAP,69.92,2014-04-14
ロマンスのスタ`ト,乃木坂46,68.32,2014-04-14
Wのそばには星がある 完整版,泷&翼,67.74,2014-04-14
RAIN MAN 完整版,AKIHIDE,67.31,2014-04-14
ゆめのはじまりんりん,きゃり`ぱみゅぱみゅ,67.05,2014-04-14
Guard You,雅-miyavi-,67.04,2014-04-14
ラブサ`チライト 完整版,柴崎幸,65.03,2014-04-14
ビバビバモ`レ 完整版,泷&翼,62.72,2014-04-14
Fighter 完整版,加藤ミリヤ 中岛美嘉,98.55,2014-04-21
明日笑っていられるように,日本群星,82.61,2014-04-21
不器用,LoVendoЯ,80.54,2014-04-21
泣いてもいいんだよ,ももいろクロ`バ`Z,79.05,2014-04-21
モアモア 完整版,大V爱,77.20,2014-04-21
君と踊ろう,LUHICA,73.12,2014-04-21
Colourful,NIKIIE,72.34,2014-04-21
グロテスク 完整版,平井坚 安室奈美惠,72.08,2014-04-21
むせび泣く,LoVendoЯ,71.87,2014-04-21
前しか向かねえ 完整版,AKB48,69.57,2014-04-21
ファミリ`パ`ティ`,きゃり`ぱみゅぱみゅ,69.50,2014-04-21
喧W上等,气志团,65.54,2014-04-21
xけ,ファンキ`加藤,64.31,2014-04-21
幸せな日々を君と 完整版,清木场俊介,62.41,2014-04-21
ええじゃないか 完整版,ジャニ`ズWEST,61.82,2014-04-21
NOCTURNE-drastic dance-,D.A.T,61.54,2014-04-21
r空を超え 宇宙を超え 完整版,早安少女组,59.69,2014-04-21
Guard You,雅-miyavi-,59.32,2014-04-21
ゆめのはじまりんりん,きゃり`ぱみゅぱみゅ,58.76,2014-04-21
High Five 完整版,中山优马,55.73,2014-04-21
ラブラド`ル.レトリバ` 完整版,AKB48,99.50,2014-04-28
GUTS! 完整版,岚,89.01,2014-04-28
Fighter 完整版,加藤ミリヤ 中岛美嘉,75.63,2014-04-28
Endless Road,Fumika,75.43,2014-04-28
泣いてもいいんだよ,ももいろクロ`バ`Z,66.67,2014-04-28
モアモア 完整版,大V爱,65.62,2014-04-28
前しか向かねえ 完整版,AKB48,64.80,2014-04-28
明日笑っていられるように,日本群星,63.34,2014-04-28
喧W上等,气志团,62.54,2014-04-28
ええじゃないか 完整版,ジャニ`ズWEST,60.97,2014-04-28
Jewel,moumoon,59.87,2014-04-28
Live 完整版,Superfly,59.04,2014-04-28
グロテスク 完整版,平井坚 安室奈美惠,58.43,2014-04-28
Colourful,NIKIIE,57.59,2014-04-28
君と踊ろう,LUHICA,54.21,2014-04-28
ファミリ`パ`ティ`,きゃり`ぱみゅぱみゅ,52.87,2014-04-28
不器用,LoVendoЯ,52.52,2014-04-28
Guard You,雅-miyavi-,50.92,2014-04-28
ゆめのはじまりんりん,きゃり`ぱみゅぱみゅ,50.69,2014-04-28
r空を超え 宇宙を超え 完整版,早安少女组,49.77,2014-04-28
ラブラド`ル.レトリバ` 完整版,AKB48,96.96,2014-05-05
We Don't Stop 完整版,西野加奈,90.72,2014-05-05
GUTS! 完整版,岚,84.39,2014-05-05
BRAND NEW STORY 完整版,东京パフォ`マンスド`ル,81.68,2014-05-05
Fighter 完整版,加藤ミリヤ 中岛美嘉,77.15,2014-05-05
My Love,木村カエラ,73.52,2014-05-05
太と花,高桥优,72.87,2014-05-05
フルドライブ,KANA-BOON,72.48,2014-05-05
"韬,素晴らしき日々よ (Another Ver.)",早安少女组 Juice=Juice ANGERME 早安家族,71.42,2014-05-05
前しか向かねえ 完整版,AKB48,66.34,2014-05-05
木立をiけるLのように (Another Ver.),早安家族 Juice=Juice 早安少女组,66.06,2014-05-05
Dream Last Train (Another Ver.),早安家族 早安少女组 ℃-ute Juice=Juice,64.59,2014-05-05
Endless Road,Fumika,63.96,2014-05-05
グロテスク 完整版,平井坚 安室奈美惠,62.00,2014-05-05
Live 完整版,Superfly,61.91,2014-05-05
明日笑っていられるように,日本群星,59.68,2014-05-05
泣いてもいいんだよ,ももいろクロ`バ`Z,59.21,2014-05-05
モアモア 完整版,大V爱,58.23,2014-05-05
喧W上等,气志团,55.85,2014-05-05
Four Seasons,安室奈美惠,95.79,2014-05-12
Do You Ever Shine?,五月天,95.74,2014-05-12
◆~の,Flower,87.61,2014-05-12
ラブラド`ル.レトリバ` 完整版,AKB48,80.46,2014-05-12
JUICY LOVE 完整版,Happiness,78.80,2014-05-12
君は荬蓼挨,AKB48,74.55,2014-05-12
HIMAWARI,安室奈美惠,71.27,2014-05-12
GUTS! 完整版,岚,70.32,2014-05-12
今日までのメロディ`,AKB48,69.96,2014-05-12
青春の瞬き,椎名林檎,69.49,2014-05-12
We Don't Stop 完整版,西野加奈,68.57,2014-05-12
King & Queen & Joker,Sexy Zone,66.20,2014-05-12
Super Hero,Fairies,64.32,2014-05-12
I Love You !! ～あなたの微笑みに～,松田圣子,61.77,2014-05-12
Fighter 完整版,加藤ミリヤ 中岛美嘉,59.46,2014-05-12
グロテスク 完整版,平井坚 安室奈美惠,59.44,2014-05-12
前しか向かねえ 完整版,AKB48,58.72,2014-05-12
BRAND NEW STORY 完整版,东京パフォ`マンスド`ル,58.08,2014-05-12
郅筏ライバル,AKB48,57.11,2014-05-12
Four Seasons,安室奈美惠,95.02,2014-05-19
Do You Ever Shine?,五月天,93.32,2014-05-19
CAN YOU CELEBRATE,安室奈美惠,88.90,2014-05-19
君は荬蓼挨,AKB48,87.82,2014-05-19
Gift,加藤ミリヤ 中岛美嘉,87.77,2014-05-19
ラブラド`ル.レトリバ` 完整版,AKB48,85.86,2014-05-19
今日までのメロディ`,AKB48,85.36,2014-05-19
HIMAWARI,安室奈美惠,84.96,2014-05-19
◆~の,Flower,81.59,2014-05-19
郅悉い膜饩の中に 完整版,Berryz工房,80.05,2014-05-19
にじいろ,绚香,77.87,2014-05-19
切手のないおくりもの,平井坚,72.78,2014-05-19
もう二度と- Rebirth,BENI,72.63,2014-05-19
郅筏ライバル,AKB48,71.47,2014-05-19
GUTS! 完整版,岚,68.56,2014-05-19
JUICY LOVE 完整版,Happiness,67.70,2014-05-19
Super Hero,Fairies,67.56,2014-05-19
グロテスク 完整版,平井坚 安室奈美惠,66.65,2014-05-19
We Don't Stop 完整版,西野加奈,65.43,2014-05-19
lも知らない,岚,96.67,2014-05-26
Four Seasons,安室奈美惠,87.74,2014-05-26
Sweet 19 Blues,安室奈美惠,87.26,2014-05-26
StarRingChild,Aimer,84.14,2014-05-26
Do You Ever Shine?,五月天,82.60,2014-05-26
郅悉い膜饩の中に 完整版,Berryz工房,79.82,2014-05-26
Killing Me Softly,东京女子流,79.03,2014-05-26
ラブラド`ル.レトリバ` 完整版,AKB48,76.83,2014-05-26
明日の歌,aiko,73.13,2014-05-26
◆~の,Flower,72.65,2014-05-26
Gift,加藤ミリヤ 中岛美嘉,70.29,2014-05-26
CAN YOU CELEBRATE,安室奈美惠,70.08,2014-05-26
君は荬蓼挨,AKB48,68.85,2014-05-26
HIMAWARI,安室奈美惠,66.80,2014-05-26
GUTS! 完整版,岚,63.95,2014-05-26
もう二度と- Rebirth,BENI,61.92,2014-05-26
グロテスク 完整版,平井坚 安室奈美惠,61.83,2014-05-26
にじいろ,绚香,61.76,2014-05-26
今日までのメロディ`,AKB48,61.25,2014-05-26
Killing Me Softly,东京女子流,91.94,2014-06-02
In Fact,KAT-TUN,91.64,2014-06-02
Wake Up!,AAA,83.83,2014-06-02
Four Seasons,安室奈美惠,83.00,2014-06-02
lも知らない,岚,81.86,2014-06-02
Do You Ever Shine?,五月天,79.64,2014-06-02
ラブラド`ル.レトリバ` 完整版,AKB48,75.27,2014-06-02
Sweet 19 Blues,安室奈美惠,74.90,2014-06-02
シェキナベイベ`,指原莉乃,71.23,2014-06-02
君は荬蓼挨,AKB48,67.81,2014-06-02
郅悉い膜饩の中に 完整版,Berryz工房,67.49,2014-06-02
StarRingChild,Aimer,66.98,2014-06-02
君に出会えたから,miwa,66.51,2014-06-02
CAN YOU CELEBRATE,安室奈美惠,65.50,2014-06-02
◆~の,Flower,64.55,2014-06-02
Gift,加藤ミリヤ 中岛美嘉,63.88,2014-06-02
GUTS! 完整版,岚,60.18,2014-06-02
HIMAWARI,安室奈美惠,59.71,2014-06-02
明日の歌,aiko,58.97,2014-06-02
グロテスク 完整版,平井坚 安室奈美惠,58.10,2014-06-02
夏のFree&Easy,乃木坂46,94.74,2014-06-09
Killing Me Softly,东京女子流,93.36,2014-06-09
きらきらキラ`,きゃり`ぱみゅぱみゅ,92.65,2014-06-09
Make You Mine,w-inds.,92.22,2014-06-09
In Fact,KAT-TUN,89.45,2014-06-09
Wake Up!,AAA,89.08,2014-06-09
ONE -for the win- 完整版,NEWS,87.05,2014-06-09
Do You Ever Shine?,五月天,82.39,2014-06-09
ラブラド`ル.レトリバ` 完整版,AKB48,81.30,2014-06-09
Nippon,椎名林檎,80.99,2014-06-09
Four Seasons,安室奈美惠,79.98,2014-06-09
君に出会えたから,miwa,78.87,2014-06-09
Sweet 19 Blues,安室奈美惠,74.01,2014-06-09
君は荬蓼挨,AKB48,70.29,2014-06-09
シェキナベイベ`,指原莉乃,70.13,2014-06-09
郅悉い膜饩の中に 完整版,Berryz工房,68.33,2014-06-09
◆~の,Flower,67.70,2014-06-09
CAN YOU CELEBRATE,安室奈美惠,65.02,2014-06-09
StarRingChild,Aimer,64.45,2014-06-09
GUTS! 完整版,岚,63.36,2014-06-09
Crush 完整版,板野友美,97.48,2014-06-16
FOREVER,Hey! Say! JUMP,95.32,2014-06-16
Lelio,滨崎步,93.10,2014-06-16
XOXO,滨崎步,91.32,2014-06-16
"切なさ,ひきかえに",Hey! Say! JUMP,90.40,2014-06-16
Angel,滨崎步,87.86,2014-06-16
E.G. Anthem -WE ARE VENUS- 完整版,E-Girls,86.22,2014-06-16
Killing Me Softly,东京女子流,80.54,2014-06-16
夏のFree&Easy,乃木坂46,80.18,2014-06-16
Merry-go-round (Appearance by VERBAL ver.),滨崎步,78.56,2014-06-16
"Feel the love (""ayupan x Bloody Bunny"" ver.)",滨崎步,77.84,2014-06-16
ラブラド`ル.レトリバ` 完整版,AKB48,77.63,2014-06-16
きらきらキラ`,きゃり`ぱみゅぱみゅ,75.70,2014-06-16
In Fact,KAT-TUN,74.02,2014-06-16
Make You Mine,w-inds.,71.40,2014-06-16
Do You Ever Shine?,五月天,70.91,2014-06-16
Wake Up!,AAA,69.91,2014-06-16
Four Seasons,安室奈美惠,68.60,2014-06-16
君は荬蓼挨,AKB48,66.83,2014-06-16
ONE -for the win- 完整版,NEWS,64.67,2014-06-16
Crush 完整版,板野友美,95.14,2014-06-23
Come Here,KAT-TUN,92.25,2014-06-23
FOREVER,Hey! Say! JUMP,88.16,2014-06-23
その先の出口,乃木坂46,84.55,2014-06-23
"切なさ,ひきかえに",Hey! Say! JUMP,79.90,2014-06-23
E.G. Anthem -WE ARE VENUS- 完整版,E-Girls,79.29,2014-06-23
ラブソングはとまらないよ,いきものがかり,79.02,2014-06-23
手~郅工毪なたへ~,Chris Hart,78.14,2014-06-23
夜明けの流星群,SCANDAL,77.08,2014-06-23
XOXO,滨崎步,76.93,2014-06-23
Killing Me Softly,东京女子流,76.23,2014-06-23
ラブラド`ル.レトリバ` 完整版,AKB48,74.69,2014-06-23
In Fact,KAT-TUN,73.98,2014-06-23
Lelio,滨崎步,72.58,2014-06-23
夏のFree&Easy,乃木坂46,70.97,2014-06-23
Angel,滨崎步,69.50,2014-06-23
Four Seasons,安室奈美惠,68.63,2014-06-23
OLE!OH!,木村カエラ,66.33,2014-06-23
Do You Ever Shine?,五月天,65.99,2014-06-23
TOUCH,小野贤章,65.00,2014-06-23
